/*
 Navicat MySQL Data Transfer

 Source Server         : localhost
 Source Server Type    : MySQL
 Source Server Version : 50716
 Source Host           : localhost:3306
 Source Schema         : base_server

 Target Server Type    : MySQL
 Target Server Version : 50716
 File Encoding         : 65001

 Date: 24/06/2020 17:39:57
*/

SET NAMES utf8mb4;
SET FOREIGN_KEY_CHECKS = 0;

-- ----------------------------
-- Table structure for act_evt_log
-- ----------------------------
DROP TABLE IF EXISTS `act_evt_log`;
CREATE TABLE `act_evt_log`  (
  `LOG_NR_` bigint(20) NOT NULL AUTO_INCREMENT,
  `TYPE_` varchar(64) CHARACTER SET utf8 COLLATE utf8_bin NULL DEFAULT NULL,
  `PROC_DEF_ID_` varchar(64) CHARACTER SET utf8 COLLATE utf8_bin NULL DEFAULT NULL,
  `PROC_INST_ID_` varchar(64) CHARACTER SET utf8 COLLATE utf8_bin NULL DEFAULT NULL,
  `EXECUTION_ID_` varchar(64) CHARACTER SET utf8 COLLATE utf8_bin NULL DEFAULT NULL,
  `TASK_ID_` varchar(64) CHARACTER SET utf8 COLLATE utf8_bin NULL DEFAULT NULL,
  `TIME_STAMP_` timestamp(3) NOT NULL DEFAULT CURRENT_TIMESTAMP(3) ON UPDATE CURRENT_TIMESTAMP(3),
  `USER_ID_` varchar(255) CHARACTER SET utf8 COLLATE utf8_bin NULL DEFAULT NULL,
  `DATA_` longblob NULL,
  `LOCK_OWNER_` varchar(255) CHARACTER SET utf8 COLLATE utf8_bin NULL DEFAULT NULL,
  `LOCK_TIME_` timestamp(3) NULL DEFAULT NULL,
  `IS_PROCESSED_` tinyint(4) NULL DEFAULT 0,
  PRIMARY KEY (`LOG_NR_`) USING BTREE
) ENGINE = InnoDB AUTO_INCREMENT = 1 CHARACTER SET = utf8 COLLATE = utf8_bin ROW_FORMAT = Dynamic;

-- ----------------------------
-- Records of act_evt_log
-- ----------------------------

-- ----------------------------
-- Table structure for act_ge_bytearray
-- ----------------------------
DROP TABLE IF EXISTS `act_ge_bytearray`;
CREATE TABLE `act_ge_bytearray`  (
  `ID_` varchar(64) CHARACTER SET utf8 COLLATE utf8_bin NOT NULL,
  `REV_` int(11) NULL DEFAULT NULL,
  `NAME_` varchar(255) CHARACTER SET utf8 COLLATE utf8_bin NULL DEFAULT NULL,
  `DEPLOYMENT_ID_` varchar(64) CHARACTER SET utf8 COLLATE utf8_bin NULL DEFAULT NULL,
  `BYTES_` longblob NULL,
  `GENERATED_` tinyint(4) NULL DEFAULT NULL,
  PRIMARY KEY (`ID_`) USING BTREE,
  INDEX `ACT_FK_BYTEARR_DEPL`(`DEPLOYMENT_ID_`) USING BTREE,
  CONSTRAINT `ACT_FK_BYTEARR_DEPL` FOREIGN KEY (`DEPLOYMENT_ID_`) REFERENCES `act_re_deployment` (`ID_`) ON DELETE RESTRICT ON UPDATE RESTRICT
) ENGINE = InnoDB CHARACTER SET = utf8 COLLATE = utf8_bin ROW_FORMAT = Dynamic;

-- ----------------------------
-- Records of act_ge_bytearray
-- ----------------------------
INSERT INTO `act_ge_bytearray` VALUES ('138019805924030194', 1, 'source', NULL, 0x3C3F786D6C2076657273696F6E3D22312E302220656E636F64696E673D225554462D38223F3E0A3C62706D6E3A646566696E6974696F6E7320786D6C6E733A7873693D22687474703A2F2F7777772E77332E6F72672F323030312F584D4C536368656D612D696E7374616E63652220786D6C6E733A62706D6E3D22687474703A2F2F7777772E6F6D672E6F72672F737065632F42504D4E2F32303130303532342F4D4F44454C2220786D6C6E733A62706D6E64693D22687474703A2F2F7777772E6F6D672E6F72672F737065632F42504D4E2F32303130303532342F44492220786D6C6E733A64633D22687474703A2F2F7777772E6F6D672E6F72672F737065632F44442F32303130303532342F44432220786D6C6E733A63616D756E64613D22687474703A2F2F63616D756E64612E6F72672F736368656D612F312E302F62706D6E2220786D6C6E733A64693D22687474703A2F2F7777772E6F6D672E6F72672F737065632F44442F32303130303532342F4449222069643D22446566696E6974696F6E735F3122207461726765744E616D6573706163653D22687474703A2F2F62706D6E2E696F2F736368656D612F62706D6E223E0A20203C62706D6E3A70726F636573732069643D22766F636174696F6E2220697345786563757461626C653D2274727565223E0A202020203C62706D6E3A73746172744576656E742069643D2253746172744576656E745F31223E0A2020202020203C62706D6E3A6F7574676F696E673E53657175656E6365466C6F775F3069707735696B3C2F62706D6E3A6F7574676F696E673E0A202020203C2F62706D6E3A73746172744576656E743E0A202020203C62706D6E3A73657175656E6365466C6F772069643D2253657175656E6365466C6F775F3069707735696B2220736F757263655265663D2253746172744576656E745F3122207461726765745265663D225461736B5F3069623631646422202F3E0A202020203C62706D6E3A757365725461736B2069643D225461736B5F3069623631646422206E616D653D22E4B8BBE4BBBBE5AEA1E689B9222063616D756E64613A61737369676E65653D22313337393537383031323238303030313832223E0A2020202020203C62706D6E3A696E636F6D696E673E53657175656E6365466C6F775F3069707735696B3C2F62706D6E3A696E636F6D696E673E0A2020202020203C62706D6E3A6F7574676F696E673E53657175656E6365466C6F775F316D3430386C633C2F62706D6E3A6F7574676F696E673E0A202020203C2F62706D6E3A757365725461736B3E0A202020203C62706D6E3A73657175656E6365466C6F772069643D2253657175656E6365466C6F775F316D3430386C632220736F757263655265663D225461736B5F3069623631646422207461726765745265663D225461736B5F306C66706E673322202F3E0A202020203C62706D6E3A757365725461736B2069643D225461736B5F306C66706E673322206E616D653D22E9A286E5AFBCE5AEA1E689B9222063616D756E64613A61737369676E65653D22313337393537383031323238303030313832223E0A2020202020203C62706D6E3A696E636F6D696E673E53657175656E6365466C6F775F316D3430386C633C2F62706D6E3A696E636F6D696E673E0A2020202020203C62706D6E3A6F7574676F696E673E53657175656E6365466C6F775F3177747237776D3C2F62706D6E3A6F7574676F696E673E0A202020203C2F62706D6E3A757365725461736B3E0A202020203C62706D6E3A656E644576656E742069643D22456E644576656E745F30376731356E67223E0A2020202020203C62706D6E3A696E636F6D696E673E53657175656E6365466C6F775F3177747237776D3C2F62706D6E3A696E636F6D696E673E0A202020203C2F62706D6E3A656E644576656E743E0A202020203C62706D6E3A73657175656E6365466C6F772069643D2253657175656E6365466C6F775F3177747237776D2220736F757263655265663D225461736B5F306C66706E673322207461726765745265663D22456E644576656E745F30376731356E6722202F3E0A20203C2F62706D6E3A70726F636573733E0A20203C62706D6E64693A42504D4E4469616772616D2069643D2242504D4E4469616772616D5F31223E0A202020203C62706D6E64693A42504D4E506C616E652069643D2242504D4E506C616E655F31222062706D6E456C656D656E743D2250726F636573735F31223E0A2020202020203C62706D6E64693A42504D4E53686170652069643D225F42504D4E53686170655F53746172744576656E745F32222062706D6E456C656D656E743D2253746172744576656E745F31223E0A20202020202020203C64633A426F756E647320783D223137332220793D22313032222077696474683D22333622206865696768743D22333622202F3E0A2020202020203C2F62706D6E64693A42504D4E53686170653E0A2020202020203C62706D6E64693A42504D4E456467652069643D2253657175656E6365466C6F775F3069707735696B5F6469222062706D6E456C656D656E743D2253657175656E6365466C6F775F3069707735696B223E0A20202020202020203C64693A776179706F696E7420783D223230392220793D2231323022202F3E0A20202020202020203C64693A776179706F696E7420783D223236302220793D2231323022202F3E0A2020202020203C2F62706D6E64693A42504D4E456467653E0A2020202020203C62706D6E64693A42504D4E53686170652069643D22557365725461736B5F3136657A6C72635F6469222062706D6E456C656D656E743D225461736B5F30696236316464223E0A20202020202020203C64633A426F756E647320783D223236302220793D223830222077696474683D2231303022206865696768743D22383022202F3E0A2020202020203C2F62706D6E64693A42504D4E53686170653E0A2020202020203C62706D6E64693A42504D4E456467652069643D2253657175656E6365466C6F775F316D3430386C635F6469222062706D6E456C656D656E743D2253657175656E6365466C6F775F316D3430386C63223E0A20202020202020203C64693A776179706F696E7420783D223336302220793D2231323022202F3E0A20202020202020203C64693A776179706F696E7420783D223432302220793D2231323022202F3E0A2020202020203C2F62706D6E64693A42504D4E456467653E0A2020202020203C62706D6E64693A42504D4E53686170652069643D22557365725461736B5F3033766D7631695F6469222062706D6E456C656D656E743D225461736B5F306C66706E6733223E0A20202020202020203C64633A426F756E647320783D223432302220793D223830222077696474683D2231303022206865696768743D22383022202F3E0A2020202020203C2F62706D6E64693A42504D4E53686170653E0A2020202020203C62706D6E64693A42504D4E53686170652069643D22456E644576656E745F30376731356E675F6469222062706D6E456C656D656E743D22456E644576656E745F30376731356E67223E0A20202020202020203C64633A426F756E647320783D223538322220793D22313032222077696474683D22333622206865696768743D22333622202F3E0A2020202020203C2F62706D6E64693A42504D4E53686170653E0A2020202020203C62706D6E64693A42504D4E456467652069643D2253657175656E6365466C6F775F3177747237776D5F6469222062706D6E456C656D656E743D2253657175656E6365466C6F775F3177747237776D223E0A20202020202020203C64693A776179706F696E7420783D223532302220793D2231323022202F3E0A20202020202020203C64693A776179706F696E7420783D223538322220793D2231323022202F3E0A2020202020203C2F62706D6E64693A42504D4E456467653E0A202020203C2F62706D6E64693A42504D4E506C616E653E0A20203C2F62706D6E64693A42504D4E4469616772616D3E0A3C2F62706D6E3A646566696E6974696F6E733E0A, NULL);
INSERT INTO `act_ge_bytearray` VALUES ('138019805928170195', 1, 'source-extra', NULL, 0x89504E470D0A1A0A0000000D49484452000001C90000005C080600000005E34E35000000206348524D00007A26000080840000FA00000080E8000075300000EA6000003A98000017709CBA513C0000000467414D410000B18E7CFB5193000000017352474200AECE1CE900000006624B474400FF00FF00FFA0BDA793000000097048597300000EC400000EC401952B0E1B000019164944415478DAED9D07745455B7C7EFD484109E514161014AC9A328206D294D0C96D004791005E521A07401175254F8A8E61322280B691A916041821245543EC00F0C1878D215505162086D25402020A44D7DE73FB937DFCD65924CDA94E4FF5B6BAF4CCBCCCD997FCE3E7B9F7DCE912442082184104208218410420821841042082184104288D7D1B109FC8E30619D84B51516CCE6283736612785250ACB6073507FD41FA1930C40EEBAEBAE48A3D1F8567A7A7A6B87C3A1678B543CA27D7FB4D96C73E40E8B507FD41FA1930C001AD4AF5F7FD3850B171EC29D9A356B3ABB74E9626FD5AA9543DC66EB9493ACAC2C29353555BF63C70E83B8ADE87D9BB049C292D942D41FF547E824FD974675EAD4397AF9F2E5B03BEFBCD3397EFC78EB8C19332CB56AD572B2692A961B376EE856AD5A655ABC78B1F9CA952BD0FD79610F0B4BA5FEA83FEA8FD049FAE1085E7450C7D14175EFDEDDFEE9A79FE6346CD8B050E7141D1D6DFEFAEBAF8D0249AFD74BA3468DB28E1C39D2CAA62B3BA2BD7543870E0DFEFEFBEF8D7247D5A39A8EE8A93FEA8F7880814DE01BEAD7AFBF233D3D3D1C1DD4B7DF7E9B233AAC820ECA66B3491D3B76AC999494643C75EA94FEECD9B37AA7D3A94F4949D16FDDBAD53870E0401B3A2D527A90427CF6D9676D870E1D32242727A348A599B0F5D41FF547FD113A493F014512A2837A0D29AE5DBB7665E3A7FAF9A8A8A81A070E1C30646464E81C0E87EBB1BFFFFE5B3A77EE9C2E3B3BDB15FD77EEDCD9CE962C1BE8E0232323ED7171717AD19EE8A4764BD528ED45FD517FA414DF179BC0FBA08A103F274E9C68A957AF5EA10E2A2121C12846EE98E497DAB4698311BD141CFC9F4AFC3367CEE8366CD860622B960F444ED3A64D533AFAB9D41FF547FD11B7FF2F6C02AF1386327B54114E9D3AF596F99DFDFBF7BBAAE0264C9820890E4CAA5DBBB694949424656666BA7E62447FE9D225CE255700A28DADF3E7CF9772727222C4DDDA52F558C746FD517F844ED2AFE9847568DDBB77B7B9AB220C0A0A92DAB66D2BC5C4C448A1A1A1AEC7C68D1BE7EAA0929393A50B172EA0A49CD5871500DABF478F1E795BB76E0D1277D1516DA2FEA83FEA8FA861BAD5FB602713A9458B160EB7C3FCB030675C5C9C43E9A014BA75EB268D1831429A356B96A44D9191B2D3BC79732597D882FAA3FEA83F4227E97B5CFF14452DD4EEDDBBB76DCB962DC51645389D4E079BB162507D0F46EA8FFAA3FE089DA49F73DF7DF7392E5FBE6CBF79F3A6DBF5686969691631CA672745A83F42E824AB1FD899C36EB71B264E9CE87664397BF66CD3A54B970C7FFEF927BF3B42FD1152C930C4F713B0803B363636383B3BDB386DDAB422AB07D7AC5983E78C53A64C313468D0C0DAAF5F3F6BB366CD38B227D41F218C24AB26B9B9B958B356B34F9F3EA6EBD7AFEBD06195446868A86EEAD4A9E6FDFBF7072D5BB6CCCC5624D41F2174925592A54B9786CC9B374FDFA8512369F8F0E1527C7C7CB1AFDFBC79B3D4B76F5FD7ED61C38619232323F5313131ECA808F547089D64D5232F2FCF50B76E5DD7EDF0F070D7FAB4E8E8682923A3F0DAE26BD7AE498B162DC28E2952A74E9D0A1E6FD9B2A5E9E6CD9B5CE04DA83F422A18CE49FA2103060C9022222230FF235DB972C5B5C01B848585B9D6AA291D1A21D41F217492D58AC4C4445707850E69DAB4691EBD9610EA8F90CA81E9563FECA42AE3B584507F84309224841052B541BEBF856CEADC7FBAB093B2A5FBB393C46EF6AD84850B6BA0F90352859D90F24FE4268410423C01956243853D29AC9107AF87AFF9B7947FA075A23F38C9F07BEFBD778AC562E975F1E2C5463865A0B8170707079FCACDCD4D10373F92BD3E218410A26580B059C23A96F2F7E04847C986C0EC9F52FE292BB6D25E40B99C64AD5AB5BA0A8B158EB1250E63C563B7DD769BB369D3A67661CEF0F07087C16070BD16CFFFF5D75FFA3FFEF8437FE5CA95FF160FBD06D3E974FB9D4E272A0492AAAB0A323333ED73E6CC71DDDEBD7B374E83F7E89405F56BAF5FBFCE7F2742FD91AA029CE27239822C2FC86C6E909DED68613F79C349D61691E3E7C2F1F5B871E386EBE4F2D1A3475BA2A2A26C5DBB76B5AB4F3277C7912347F4F1F1F1A655AB5699B2B2B21E120FFD287BF9F152353C7874D9B265D9FC9F20D41F212E1040CD95E4136B6E715A46A3D4A64D1BFBFDF7DFEFA85DBBB61327A9E4E5E549E9E9E9BA5F7FFD557FECD8314311BB46C159FE2047958B3C8D2A4BED24C5053D56A3468D6F8483AC0167F8EAABAFE6BDFCF2CBD6DB6FBFDDE333E6DAB76FEF1096B760C182BCB7DF7EDBBC70E142B370965122AAEC21A2CA5EE22587A8134208A956C01FC509FB5F778EB15FBF7EB641830659FBF7EF6F777760B802B659FCFAEBAF8D090909A66FBEF9C688FB2AE078DF10F680B0673D7194A57292C2734F48494979372323C3D0BD7B77FBBA75EB721B376E5CE6CD8DE16467CD9A651933668C75C890213576EDDA75A778F8FF84F513B68D9A2184906AE320BF92F20B730A316EDC38CB9429533CDE481F7E65F0E0C136585A5A9A4E0463E6F7DE7B4FBB6D6294B030D9D7E416F77E1EAF9384833C7DFAF4F29C9C1CC3A449932C3B77EECC2E8F835453A74E1D27DEEFF5D75FB7A0B14444F9ADF8D98BBA2184906A419CD641DE73CF3D8E6DDBB665AF5EBD3AAFAC27CDD4AB57CF89DFDFBD7B777693264DB4EFF1B8B04F4A0A163D729248B12282CCCECED6FFE31FFFB0BCFBEEBB79087F2B9A37DF7C330FEFEF743A51EDF38D54FA8A264208218105E6200BA558DBB76F6F3F74E85076CF9E3DED15F101C87CE2FD1E7CF041BB9B88F2B5F23AC9DA66B3F95B25827CE38D37F22AB3B5F0FE4A4429EC5F52E1C5A2841042AA0E0884E66A1D646262620E328C15F941A89BD9BB77AF3B4789AAD76E6576928D1B37DE949999190C4FFCCE3BEFE479A3D510513EFAE8A3F843B031C172EA881042AA24AB255515AB9C62CD29AE30A73C20038AF7D7A46F83E5EB3096DA49621DE4E9D3A71FC144288A742A23C55A14F1F1F1392121210E391C8EA0960821A44A3140D24CA9AD5DBB36B7A223487711E5071F7CA0F567AD645F536A27198B9F58E65151453A9E82869A33678E55BEBB907A2284902AC52CF51D54B13EF6D863766F7C3032A3A3468DB2B8B91E63699C643876D24114897590BE6841F1B996D0D050AC63C1AE0B2DA829EF71E3C68D521FA29B9999A92B6211EF2DAF630B13054F34531A0D527F014127751489A80ECB3CBC79012208B36836BE4134D9CD632789BD58ED76BB6EC4881196D26C145091E00F183F7EBC12C1BE18005FBC5F1719C5C4C4987FFBEDB712E7A1CF9D3BA71B3060400DCD225CE9F2E5CBBA9D3B771A8AFABD6BD7AEE99E7FFEF9E092DE5F796F2CF885E1B18D1B371AF7ECD96360DF51F5F477ECD831BDF83F769DDC8CDDB6B66FDF6EF8EEBBEF8CCB962D33434FAFBCF24A905A97EBD7AF37CE9B37CFFCE1871F9AD4F6DC73CF05EFDBB7AF588DCC9C39D37CE0C081625FF3CE3BEF9815ADE1B39501E18C193382B49A2795A6C3A1EA3BD828A0ACCB3CCA0A9687E0738BBB2E492A667D88104B1FFCC45673BE6CED21438658172F5E8C85A0583739DDCFC591266CB3B02952FE2EF47EC5840913ACDDBA750BC1DA2308A4A8D7C5C6C69AC56B2DA24333C061262727EBCF9C39A3C7883F2C2CCCF9E0830F3A94897574660D1B3674AA1D253A34E53EF6EA4555B4FA356200E6C000282323A320F23C71E284A15DBB7656F62F554F7F5F7CF185A951A346CE3FFFFC538FDDB6F0189C5D6868A813E9356D8A4DF43DBA871F7EF896C7535353F55ADD6290051DA91FC32E2BC78F1FD7CBEFE57AECA5975E2AA42D458FFBF7EF37285A3E7FFEBCAEA42D354985E9B0D09A48ECA4E38B0BC5E70A7DAAFDE0E39E3AC9DA226AB8079B953FF2C823765FB636FEA98488F3C4680FA1308EDEF2F763B63019FD9494BFCEF3655F76567040E88CACD6FFE8AF7FFFFE368CECC5C8DDD51989D1BC498CDC0B26CBD1A91C3E7C583F77EEDC82B5B018EDD7AD5BD7F9E28B2F5AB511C2D5AB5775C25116E4F6B189FDD0A143ADE86CF05EEFBFFFBE597486AEE71041E03DB1C7E2ECD9B383D04962EF45E5774D2693EB9A535252F4DE1E555621FC467F8A9E8426749F7DF6599ED05E0D6808CE0ECFE10004680B51A5B672FEE79F7FBE251A540E5140D479DF7DF7B9F4F1D1471F9956AE5C99AB384FA12963E3C68D9D4A993F9CA8F21C067C18F8E17DB66EDD0A276D50176F28B7A16BBCBF370B15AB990E11693652B73BB69AF3C5453EF5D45336A5AF9269245F5F7A494EB2158EBBC2691EFE2014F1CF9477F4E851A46B5A4981711625FE99FBCBA3A52DBE1AD9E3BB4367A11E1D2F58B02048BDD6B56FDFBE853205E87410357A9AAE18376E9C15E92A77A371A4BD30AFACBC5E59182C3EC3896B40C48948130E131B1403ECE50B874C2719F8FA03C28199A111A437C5F79D8BAC1006491F7FFC712E224B7CCFD09CF6F7DAB66D7B4B2489C313C4804FF7E5975F1A1527191D1D9D87C19EB8E954321242F3AEC11CE61E5170D8A64D1B87123D0AB31D3A74C8D0A74F1F3B9EC3210BD02134A7FCCE92254BCC31313179C5655B48B97458A8BE049B9557D6928F92405F85CFD7A4E85B78E2247160B284E3AEFCA1A55BB66C69124E52923C3B6CD39FD0AB4654DFC922F1BA084A33EA47EA0AD15D518323A5380791270CA3EE75EBD699840374395B7480CABC253A9FD6AD5B3BB473DA48C9A2D3BC79F3A6AE79F3E60E44177094A2B334464646DABB74E96267FF12F8FA83137CE289276C7052CF3CF34C8DCF3FFF3C07871A8C1933C625CA891327066DD9B22547FB7B9D3B77B62F5FBEDC949898788B087124D7DD77DF5DA027384BBCF7D8B1632D4AB4B96FDF3E7D4A4A8A0E5A44D42A3E5F5BC5880C8B1E1916FC7F281992B7DE7ACBBC76ED5A44A679BEEAB4AB890E0FA89FC4691EBEBC387CBE1B27995892936CA0A443FCA1859B3469A2FC0143A4C0DC8147278FA6FA0ABBEA2F178511FCC081036D4A8780D4D4E4C993AD3B76EC30224D8B791D384B447BCABC0F3A1D31EA7668E778DC8134ABDA4122AD06079A9595A56BD7AE9DE3D4A9538522D6E1C387DBBCBDD4484584B079557844EF75FD214A3C7DFAB41EDF39A240E80DA5F76A7DB81BC4C1F161BF4DF563283A4374896C4469AA5395081120DD2A225893D0B7212222E2964211CC954F9D3AD542FD55BA0E0BCD47AAA75C7C819BCF2FE4638ACDA52A0726FB118FC816C822C1492792D3E9F44A193A76C1C73C8CE88C5C4280B35317D6884E4C2746DAAEE710C5290E13D19C12D1A1938373D4CE492A201A54526348A52AB7B591000A80E6CF9F6F110E36C80F47EA81AE2DBFD41F0ABDEAD5AB8781AE4D38A0A0D6AD5BDF9225508AB7F073FBF6ED466815B7D5D90C9C13D8A0410307D2F1BFFCF28B3E3636365771B078BD5A7342B70E0CB6E0A077EDDA55D089615AA055AB568EDCDC5CBBB81EEACF4FC07990BE242828A8D8E78B759276BB7F64BDC4756074870AD7DDEA30D80F995BC4E317855D13D61819236175743A9D57FE4931AFA29E77C4A8A9286757D6A53E88349514AB3ADD8A8E4DFD3AF5FCA416F5C9F6EAC20C2FE2EFDA0A48FDC1D1C1B07C68F0E0C15614E20967E7C4778CB920BC4699D6C1EB14AD2AA97AA50047E5FC6EA9B6C79CA4A2396DBA555DF90A4DC13027A97D0F75744AFD55BA0E319D57F01D646565F9F462957A88D23AC9F3CAC8DF1F5AFCE4C99338391D2592F1C2DE0B2071FC822C8F9C4AF951CADFF628AA1811051C18918F1A35AAE0AC37752429A2C5625357880010A1AE5CB9D2A44EBB21CDEB834E0A1DD4BC2AD639F95C7FC8186CD9B2C5209C9811D11F1EC3DECC589FF8D0430FD911190E1B36EC96411BA60184530DDEB163474E499F3171E2448B92C6554792707C6969698E12A20867424282515DA4F3FBEFBFBB0A8ABC5CB45815F4E7A90E3F17365B791283195F5EAC760991A42ADA29CE49262BA3327F687111A928375303442447845D10F684B0D3C27A083B243F17E5B58B387244AF9DBF41D18C7A4300CC13A10C7AD0A0418546E8184D23558BDB28C7BF78F1A24E49BB42D4382C1BCF69E710D5BBA76877DBC7E4384AEF95CE071100A24DECD7B87EFD7AD3D2A54B4D77DC7187F3871F7E30E2C0548904B4FE14860E1D6AC37A44CC794367D844A043870E767CC74881627309ACCB556B10590DE1BC72318FBD77EF5E036CF2E4C96E075DEA794EA02C79C27BA8B323284C43848AA2B13163C6B8DE4BE8DAB5F612530B8B162D32A3800CE95C6814FF179452A5E83042ED24451FE0D3793D6DC60B7199274EF2845EAF77208DA69D1BF00529292921CA75058030706034B6364A11D6193EC6571782EA53D149147A6CF3E6CD8546E6982314DF6FA1D45B6464A40D9D0BBE77AC5DC47C922A722C36075F5CA51A9C26E6409F7BEE39D7FB0D1F3EDCAAACA9440A18734878BCA87430092CFDA9993E7DBA052957446DCF3CF38C5589DC1069AE59B326174535EEA250A45F1B366CE8C0BCB7271B5FB768D1C25ED43677D019B4075D2B9B09242525652BF3E3582FAC4415BE2E26A9E23A3CA91D90AB979179130C9C8E1D3B66288B93CC1082FAEDFAF5EBAD50E5A81DA979752822A221F187D4941D6420AC91C47FE8C3FEE0D0E58EA0D4C253A2C4B2AC13537EB728D411A2325FA5E0C3CAD6AA84DFE84FAB4598B2E38E1A7CEFC28AFC5D2C2151D63A7A12B516F73C067F63C78EB5AA1DB1FA36977E7845874867A64AF2923E0C6A90922FE9BBAB0C90DDD06C45982A69D2AD45CE39666767635B2169C3860D3E0D2363636333E59BDB024018F584FD4F8044BCA4EA41FD9140D1E1B7EA3B090909265F5CA89BCFFDB7F635C515E67CA4D3E9ECEBD6AD33FB6AD77C78F8B8B8B83BE4BB1F068038D2F9FF41A83F421D96C87AF51DECB7EB2EE55E99A0E6029F5BDC7595E42451BC93044785FD3D7DD1D231313139168B05F3913F499A3C3121849080057DBA524CE64AB9CE9A352BC89B17B060C102B326D58AC837A9344E120B8E5FC34FEC65A8543A7A0B4CF2474747FF977CF7756A8A1042AA14FF54DFF9E4934F4CC51DC55791A0C279CD9A356637D7632B959394BD7D3CB6111B3264488D8A3C1CB5247AF6EC99253E0F8BE736495567912D2184907C36ABA349F0C20B2F042340AACC0FC5F4E1E8D1A38335FEEC84EC6BA4D23A493049583A3CEFCC9933BD120E4F9A34E9EFA3478FDE2D6E66C89F4F0821A4EA315E5841CEF3ECD9B3FA5EBD7AD5500EC2AE68E018F1FED87C5FF570AE7C1DB6B23A4938AADE3A9D2E0BC7DC60B16D65B6D8F4E9D37357AC58515FBEE0DE128B110821A4AA824872BEFA01EC351D111151A3A2234A44905DBB760DD19CF80190664D2AEAF73CDD76EE67A7D3190547191D1D6D9E3163465065A45E11412E59B2A48EEC20FB694371420821558E45C23ED53ACA8E1D3B8654D41C2532A19D3A7572E72037C99F5F24A55903B90D8E52FCFC424494A1D8662A3E3E3EA7220E26C588017390478F1EADAF7290DBA81D4208A9168C141626A98ED142EAF5F1C71F0F193972A475FEFCF979CA2E49A50105A7A862C552464D252BC09AC861521169D6B2384949765CD845E15FC233D70D0F0F0F993E7DBA75EAD4A9D6B2EC54818BC6320F54B18AC8549983ECCD08921042AA157054D880E01329FFDCE002E2E2E24CA87CEDD7AF1FF698B6628FDFE20E93875FC19EBF1B376E3461AF68149EBA79D926D941E696746165D94D077BF0B516B63A3B3B3B4A78F8A0850B179AC68C19637DFAE9A75D671096B4D72BB69AC34E3AD828C062B1DCA5BA689C9C7E9E7A2184906AE9289F95F24F0DC14922059E10D37B5F7DF595113662C4086C5568C73ED138541BE741E2B82BECBB8BCDCAB117AB9BA8B1C0874AF973908B4A8A20CBE3242539E27B5A5827618B85A3EBB462C58A206152484888A569D3A679CD9A3533B56CD9D235E789F320939393B3C41FA0C366E5F25EACCA499B5866325B72B31D102184906AC722D91F7C20ACED2D9E54384CCC59C24AF9BE58E6812AD6A4D2FC5279F765858343FA1587680E17D64B44976D8F1F3F5E4B98FA7558B419AAB958A46EB1D51C77D2218410A206536EED840D90A3CAB6E578AF1372F4B8C9D3E8B1229DA442B21C0DC26A0B6B253BCE06AAD7283BBF07CA691E8410427CCB66D990B51C2AE517F634F2E0F752E56874BD1C3996793946659CF081546CA2C45D72082184540C3FC986CD65EA0A6B215B5D4D207652B60A5B5F6F64DB1342080920D265F34A20A6677B134208217492841042089D24218410422749082184D049124208217492841042089D24218410422749082184D049124208217492A47CB8CE70C9CACA624BF8011919197FCB376DD41FA1FE089DA4EFC1799CD2C99327D9F67EC0B163C7944EEA24F547A83F4227E97B7ED2E974F63D7BF6186EDCB8A16373F80EB4FFC18307EF96EF26527F84FA237492BEE79A5EAFDF9D9595A57BFBEDB74D6C0EDF21DA3FCB6AB5D6943BA80CEA8F507F844ED20FB0DBED6FE0E78A152BCC6969691CCDFB80CB972FEB626262CCF2DDF9D41FA1FE883B0C6C029F902AAC634E4E4EF383070F1AA2A2A26C4141416C152F61B3D9A41E3D7A5C3D77EE1CCEA2DB26E59F5A4EFD11EA8FD049FA113F0AEB7FE6CC99DA7BF7EE353CF9E493B69A356BB255BC3082470775F8F0E17BC5DDF3C2060BBB4AFD517FD41FA193F42F50D5F68DB027D151AD59B3C62046F6BA0E1D3A3838AAAF785024B170E1C26C1135E9E4113C3AA88785A5507FD41FF5478A82F311BEA781B0D5E8AC70477450D6AE5DBBE63EF0C003411CD9971FAC4343993DAA08E522098014D72461C96C21EA8FFA237492814184B059F24F239BA3524894F28B2412D914D41FF547E824039330619D84B51516CCE62837D8C9E4A4C4327BEA8FFA238410420821841042082184104208218410E267FC3F6B0FEBC5D18507880000000049454E44AE426082, NULL);
INSERT INTO `act_ge_bytearray` VALUES ('138019806000160197', 1, 'vocation.bpmn20.xml', '138019805999660196', 0x3C3F786D6C2076657273696F6E3D22312E302220656E636F64696E673D225554462D38223F3E0A3C646566696E6974696F6E7320786D6C6E733D22687474703A2F2F7777772E6F6D672E6F72672F737065632F42504D4E2F32303130303532342F4D4F44454C2220786D6C6E733A7873693D22687474703A2F2F7777772E77332E6F72672F323030312F584D4C536368656D612D696E7374616E63652220786D6C6E733A7873643D22687474703A2F2F7777772E77332E6F72672F323030312F584D4C536368656D612220786D6C6E733A61637469766974693D22687474703A2F2F61637469766974692E6F72672F62706D6E2220786D6C6E733A62706D6E64693D22687474703A2F2F7777772E6F6D672E6F72672F737065632F42504D4E2F32303130303532342F44492220786D6C6E733A6F6D6764633D22687474703A2F2F7777772E6F6D672E6F72672F737065632F44442F32303130303532342F44432220786D6C6E733A6F6D6764693D22687474703A2F2F7777772E6F6D672E6F72672F737065632F44442F32303130303532342F44492220786D6C6E733A62706D6E3D22687474703A2F2F7777772E6F6D672E6F72672F737065632F42504D4E2F32303130303532342F4D4F44454C2220786D6C6E733A64633D22687474703A2F2F7777772E6F6D672E6F72672F737065632F44442F32303130303532342F44432220786D6C6E733A63616D756E64613D22687474703A2F2F63616D756E64612E6F72672F736368656D612F312E302F62706D6E2220786D6C6E733A64693D22687474703A2F2F7777772E6F6D672E6F72672F737065632F44442F32303130303532342F44492220747970654C616E67756167653D22687474703A2F2F7777772E77332E6F72672F323030312F584D4C536368656D61222065787072657373696F6E4C616E67756167653D22687474703A2F2F7777772E77332E6F72672F313939392F585061746822207461726765744E616D6573706163653D22687474703A2F2F62706D6E2E696F2F736368656D612F62706D6E222069643D22446566696E6974696F6E735F31223E0A20203C70726F636573732069643D22766F636174696F6E2220697345786563757461626C653D2274727565223E0A202020203C73746172744576656E742069643D2253746172744576656E745F31223E3C2F73746172744576656E743E0A202020203C73657175656E6365466C6F772069643D2253657175656E6365466C6F775F3069707735696B2220736F757263655265663D2253746172744576656E745F3122207461726765745265663D225461736B5F30696236316464223E3C2F73657175656E6365466C6F773E0A202020203C757365725461736B2069643D225461736B5F3069623631646422206E616D653D22E4B8BBE4BBBBE5AEA1E689B92220786D6C6E733A63616D756E64613D22687474703A2F2F63616D756E64612E6F72672F736368656D612F312E302F62706D6E222063616D756E64613A61737369676E65653D22313337393537383031323238303030313832223E3C2F757365725461736B3E0A202020203C73657175656E6365466C6F772069643D2253657175656E6365466C6F775F316D3430386C632220736F757263655265663D225461736B5F3069623631646422207461726765745265663D225461736B5F306C66706E6733223E3C2F73657175656E6365466C6F773E0A202020203C757365725461736B2069643D225461736B5F306C66706E673322206E616D653D22E9A286E5AFBCE5AEA1E689B92220786D6C6E733A63616D756E64613D22687474703A2F2F63616D756E64612E6F72672F736368656D612F312E302F62706D6E222063616D756E64613A61737369676E65653D22313337393537383031323238303030313832223E3C2F757365725461736B3E0A202020203C656E644576656E742069643D22456E644576656E745F30376731356E67223E3C2F656E644576656E743E0A202020203C73657175656E6365466C6F772069643D2253657175656E6365466C6F775F3177747237776D2220736F757263655265663D225461736B5F306C66706E673322207461726765745265663D22456E644576656E745F30376731356E67223E3C2F73657175656E6365466C6F773E0A20203C2F70726F636573733E0A20203C62706D6E64693A42504D4E4469616772616D2069643D2242504D4E4469616772616D5F766F636174696F6E223E0A202020203C62706D6E64693A42504D4E506C616E652062706D6E456C656D656E743D22766F636174696F6E222069643D2242504D4E506C616E655F766F636174696F6E223E0A2020202020203C62706D6E64693A42504D4E53686170652062706D6E456C656D656E743D2253746172744576656E745F31222069643D2242504D4E53686170655F53746172744576656E745F31223E0A20202020202020203C6F6D6764633A426F756E6473206865696768743D2233362E30222077696474683D2233362E302220783D223137332E302220793D223130322E30223E3C2F6F6D6764633A426F756E64733E0A2020202020203C2F62706D6E64693A42504D4E53686170653E0A2020202020203C62706D6E64693A42504D4E53686170652062706D6E456C656D656E743D225461736B5F30696236316464222069643D2242504D4E53686170655F5461736B5F30696236316464223E0A20202020202020203C6F6D6764633A426F756E6473206865696768743D2238302E30222077696474683D223130302E302220783D223236302E302220793D2238302E30223E3C2F6F6D6764633A426F756E64733E0A2020202020203C2F62706D6E64693A42504D4E53686170653E0A2020202020203C62706D6E64693A42504D4E53686170652062706D6E456C656D656E743D225461736B5F306C66706E6733222069643D2242504D4E53686170655F5461736B5F306C66706E6733223E0A20202020202020203C6F6D6764633A426F756E6473206865696768743D2238302E30222077696474683D223130302E302220783D223432302E302220793D2238302E30223E3C2F6F6D6764633A426F756E64733E0A2020202020203C2F62706D6E64693A42504D4E53686170653E0A2020202020203C62706D6E64693A42504D4E53686170652062706D6E456C656D656E743D22456E644576656E745F30376731356E67222069643D2242504D4E53686170655F456E644576656E745F30376731356E67223E0A20202020202020203C6F6D6764633A426F756E6473206865696768743D2233362E30222077696474683D2233362E302220783D223538322E302220793D223130322E30223E3C2F6F6D6764633A426F756E64733E0A2020202020203C2F62706D6E64693A42504D4E53686170653E0A2020202020203C62706D6E64693A42504D4E456467652062706D6E456C656D656E743D2253657175656E6365466C6F775F3069707735696B222069643D2242504D4E456467655F53657175656E6365466C6F775F3069707735696B223E0A20202020202020203C6F6D6764693A776179706F696E7420783D223230392E302220793D223132302E30223E3C2F6F6D6764693A776179706F696E743E0A20202020202020203C6F6D6764693A776179706F696E7420783D223236302E302220793D223132302E30223E3C2F6F6D6764693A776179706F696E743E0A2020202020203C2F62706D6E64693A42504D4E456467653E0A2020202020203C62706D6E64693A42504D4E456467652062706D6E456C656D656E743D2253657175656E6365466C6F775F316D3430386C63222069643D2242504D4E456467655F53657175656E6365466C6F775F316D3430386C63223E0A20202020202020203C6F6D6764693A776179706F696E7420783D223336302E302220793D223132302E30223E3C2F6F6D6764693A776179706F696E743E0A20202020202020203C6F6D6764693A776179706F696E7420783D223432302E302220793D223132302E30223E3C2F6F6D6764693A776179706F696E743E0A2020202020203C2F62706D6E64693A42504D4E456467653E0A2020202020203C62706D6E64693A42504D4E456467652062706D6E456C656D656E743D2253657175656E6365466C6F775F3177747237776D222069643D2242504D4E456467655F53657175656E6365466C6F775F3177747237776D223E0A20202020202020203C6F6D6764693A776179706F696E7420783D223532302E302220793D223132302E30223E3C2F6F6D6764693A776179706F696E743E0A20202020202020203C6F6D6764693A776179706F696E7420783D223538322E302220793D223132302E30223E3C2F6F6D6764693A776179706F696E743E0A2020202020203C2F62706D6E64693A42504D4E456467653E0A202020203C2F62706D6E64693A42504D4E506C616E653E0A20203C2F62706D6E64693A42504D4E4469616772616D3E0A3C2F646566696E6974696F6E733E, 0);
INSERT INTO `act_ge_bytearray` VALUES ('138019806002020198', 1, 'vocation.vocation.png', '138019805999660196', 0x89504E470D0A1A0A0000000D4948445200000274000000AA080600000024C2D2B9000010984944415478DAEDDD6B6C55E59A0770BF98E827C74463FC608889391F8D31F183F1688C27C6E47C710C486523A8ADE20D145131C85107BC8EA004917863C4184783448B1AC61901A7DA30A06338C8A0E30C4754A05C65508B0215BA663D2BAC66D10B6D8176DF7EBFE44D7777775BA5CFDEFF67BFEFBBD63AE924000000000000000000000000000000000000000000000000000000000000000000000000000000000000000000000000000000000000000000000000000000000000000000000000000000000000000000000000000000000000000000000000000000000000000000000000000000000000000000000000000000000000000000000000000000000000000000000000000000000000000000000000000000000000000000000000000000000000000000000000000000000000000000000000000000E0B8254972CAC68D1B37AF5AB52A59B16245B26CD9326398C7F2E5CB934F3FFDB4331D2FA83FF5A0FE0018B408D3D6D6D664E7CE9DC98103078C328D5DBB76252D2D2D9D69B8CE567F86FA03605062664498564EA82E5BB6EC80FA33D41F008312CB5CC2AC72462C81A93F43FD013028F1022EC804AAFA333474007510A87B7FDA966CFCCF85C957CB6766236EC77D4250A0AA3FF5074015046AFB9EB664FDBF3D947CB9F4FE2346DC175F13840255FDA93F002A3C50377FF57E8F30CDC796AF3E10840255FDA93F002A3D50FFFBDFFFB1CF408DAF094281AAFED41F00151EA8EB97FD439F811A5F13840255FDA93F0004AAA1A1537FEA0F80A10CD438AAB0AF408DAF094281AAFED41F00151EA81B563EDF67A0C6D704A140557FEA0F800A0FD4DD6DEB92F51F3DD273B92BBD2FBE260805AAFA537F005478A0C6F8EE8BD77B046ADC270405AAFA537F005443A0EEDF9F6CF88F177A2E77A5F7C5D704A140557FEA0F800A0ED43813FFFFAE9CD7E71EA6F89AB3F50B54F5A7FE00A8C440DDBF3FD9B6E1E3E4BFFEF5C13EC3341FF19878ACD91281AAFED41F001512A8FDCD8A982D11A8EA4FFD0150E1813A905991A3CD96084681AAFED41F00650ED4630DD37C084681AAFED41F00650E5443A0AA3FF547DF9A9A9A46343434CCBEEEBAEBBE4C47FB9831630EA51F937C1CFEBC3D7DCC37A552E985F4E31FFCABC131D8B265CBB5CDCDCD7F9D3F7FFEBEE9D3A7774E9C3831193B766CD793ED965B6E49EEBDF7DECE193366FC3C6BD6AC7FBEF1C61BFF4E43670854F5A7FE34744793366633D20CD99E366C49B1811BE0D89D7EDF93975F7EF929FE25E12892243965F5EAD54BE7CE9D7B281AB6279F7C3279F7DD7793B56BD7266D6D6DC9C1830793DCEEDDBB9375EBD6254B962C499E7FFEF9246DE892FBEFBFFF97F45DD7B51A3A43A0AA3FF54751DA8C8D4B9BB1F66368E27A1B7BD3F117FFAAD08B96969657E7CC99D379C71D77248B172F4EB66DDB960CC69E3D7BB217B23BEFBC33B9FBEEBB7F499FB87F14A88640557FEAAFBEC56C5ADA7CADEA6D46EE81071EC8F266E5CA95C9A64D9B927DFBF66579D2D1D1917DBE7AF5EA6C52E1A1871EEAABB1FBB29E5787A0C7ACDCDB6FBFBDBFB1B13179EBADB7BA9E50C72A66F162D66EFCF8F149FA33FF45A01A0255FDA9BFFA3476ECD88BBACFCA8D1B372E59B870E1A0270DBEFFFEFB64C18205D96A50B7A66E5FFC1EFFDAD4B5B6B6B64BE6CD9B7768F2E4C9D993E5448A9F77CF3DF7C45EBB8DB5FE0E4AA00A54F56768E88E542A95FE9C8E230E74886D3C3B77EE3CAE6C89ED3E3367CEECDED41DACA75521E8D1CCC5126B4C65C772E95088D9BE279E7822696A6ADA55CB9B5805AA40557F8686EEC899B9623317B3722D2D2D47ECC33E5EADADADD9CFD5D451D762993566E6A2993BDE25D6812CC13EF6D8639DE913EF7F04AA2150D59FFAAB6DF1E6BDB8CC1A6747F8E69B6F86245F628F5DB725D87DE9EF3E4BCA533762CF5C2CB3FEF2CB2FC97088A671D2A4499DE93BB6A502D510A8EA4FFDD5AE3800A238333754CD5CB1A92B9E522B0E9490F2D485D6D6D6D7E3008813BD676E207BEAE249376AD4A83F095443A0AA3FF55793CDDCB8E2D1ACB1CC3A1C62F9B5DB9E3AA734A1B6C552EB33CF3C931DCD5A0ECDCDCD314BD726500D81AAFED45FED292EB5C601102772CF5C7FBA1D28B1D7C987A96971D2E038CFDC50EF9B3BDA7EBAC6C6C64363C78E6D10A88640557FEAAF761CBE0244D752EBF11ECD7A2C47BF16F7D3C51525A43E35EBD9679F3D1427712CA7F7DF7FFF60FAC4DF28500D81AAFED45FED88CB79E5CD549C67AE1CDE78E38D232E1326F5A949716DD6B89CD7604FE678A2C529524AA552672D9D9B4EA00A54F567D47343D7D4D434A2B877AE5C3913B382C503241A1A1AFE20FDA939CDCDCD7F7DFAE9A7934A306DDAB45F637ABE0ADE71C685A0EF10A80255FD19F5DAD00DA40ED3D7F3D9C5CB799553F13261A552E905E94FCD79EEB9E7F6C735F12AC1C2850BF757C3A1E5C5A9FBF405EB66812A50D59F51870D5DBF7518AFE7F9E3CABDAD2772AE3043F78DF4A7E64C9F3EBD73EDDAB515D1D0AD59B3A6237DB2B557D10B593E76F5F64E55A00A54F567D44143D7671DC6EB79FEF5952B5796355FE2BC7485FFD676E94FCD99387162D9F7CFE57EFCF1C7CEF405E15015BE9075BD532DBEA0095481AAFE8C3A6AE87AD461BC9EE7F76FDAB4A9ACF9D2D6D6563CD2F590F4A7E6C446D1E13C27507FE2C956C52F645DEF54630942A00A54F567D46143D75587C5CF3B3A3ACA9A2DF1FB8BFF3DD29F9A13855D4906F022513543A056D6A8A5DA527FEAAFDA46A5E58BF4C70CDDD0EAACF219BABD71946E7E26F27205EAFAF5EBE3DF30DBB3D2DF63E37137DF7CF311F7EDDAB52BBB7FD1A24547FDBED9B367F7FBB3EFBBEFBEEC76FCAC3871757E7F9C17CA0C496DD55F5C9B33FEB65BB76E4D56AD5A958C1E3D3A1BE3C78F4FDE7BEFBDEC6B2FBFFC72D7E33FFFFCF3E49A6BAEE97A4C5F8F537FD55B87C5FBCB75E27A3374D48DDB6FBFBD62F6D0EDD8B1637F95EEA13B224873E59C2159B06041165C5BB66CE9F331BFFEFA6BF698B8DE61347FEFBCF34EF6F915575C911D91B666CD9AAEC77EF2C92759D8E6A17BF6D96727975E7A69763B467CEFB9E79EDB2350E3BF23BFFDFAEBAF77DD3E5AB32850ABB3FE4E3EF9E4E4B4D34E4BB66FDFDED53C2D5DBA34FB7B47AD757FFC99679E99D55A6F8D58F7864BFD55671D16F7D00DF775C2EDA1A3EE4C9D3AF550A51CE5BA7AF5EA3D5576946B7B5C46A6AF6B030E67A07EF1C517C9C89123B31101D7DCDC9C5C7CF1C5C96DB7DDD635EB11B78BDF336FDEBC1ECB72F1B868E67A0BD96208C6E78F3EFAE811613E6DDAB4ECF677DF7DD7F53B2FBBECB22C48E376CCE0E4DFBB6EDDBAECE3DCB973056A0DD45F7B7B7BF6F7FCFAEBAFB38FD1604533150D5E5C5630AF876263177571FAE9A72753A64CE93143173FA7F86644FD55671D3ACA158651FAA2F863A59C876ECE9C39DBABE43C74BDCE88943350F319917C9C77DE79C945175DD46F00A7FF0F036AE8E2F12B56ACE89A1189C735363666B763D92CC2B8B726B0384372D65967251F7DF451763B665362D6C50C496DD45FFC4DEFBAEBAE64C3860DC90F3FFC90DC7AEBADD97D3FFFFC735623F963E28D46FE3D23468CC81AAEEE3F2B823FAE1C539C61567FD55987C5F3D04543EE3C7430849E7AEAA97F9A356B5645347413264CD85E0D578A18A8722EB9F6D7D0CD9F3F3F0BB5F86F2C954AD9C88332F634E5B7639F536FCD5EDCCE83FAC30F3FCC66627A0BD408EC983D8CDBB1AF2ABF3F66072D79D546FDC5CC575E27F1B77DF5D5577BCC84C52A40F7862E1AB4B82F6692AFBCF2CAE4C5175F4C2EBCF0C2ECE3A9A79E9ADDEEEBCD86FAAB0EAE1401C328AE9D1AEF7477EFDE5DD627DBAE5DBBE22A11875CCBF5F802230E7088808BD98818117AB1C1BCB8DC15E1FAEDB7DF665F8F5995E232585F3374F9D72EB9E4921E3324B19FE9EAABAFEE7A5C84786C463FA9B0B9BD7B18DBC3545BF5173373510B175C7041D69CE50D5CCCD6151BBB68E8A2DEA2898B91CFB815975B6319341AAEB8BD79F366F557C5E25AAEC57D76F1BAE35AAE3084D2774E7B3EF8E083B23674E90BF8DFD227D946817AEC2396A9F2E6ACBF19BA3CD8D2067A404BAE8309D4D8141F2FDCC55994EE819A07FCD10EDA10A8D5537F5177C5A348F359B1FC88EBE2DEBAFCF1BDD5DB4947D9D7A6FEAA53DA406DCF1BA9975E7AA92CF91207D9144F7C2CF5A9E57751D74E9830A16C87951F4C954AA58EF41D5483401D9E25D76369E862E6AFF8B83C2C63C92D02BBBF3D4C11A279D0C7C6F5F83DDDF7FE09D4EAACBF38D54DBC298C1A89BF6DDC77CE39E724E79F7F7E573DC5FEB5EEDF97CFE4E5A7D8395A43A7FEAA536CA3C99BA971E3C665B365C329569F6EB8E186E211AE4F4A7D6ADAE4C9937F2AD7C1118F3FFEF8DFD227DA66817A6C2396A5AEBAEAAA6CE44B57679C71463673912F69C5BEA608B2E246F0F8BCBF3D747DFD3F1403B5B70328F2832E5E7BEDB5AEC7C788008D8F8F3CF248F6313F3251A056FF1B8AD847177FD337DF7C33FB3C9F958BFA8C7D717923D5FDFB62BF5CEC6FCB0F58C867F1FA7B33A2FEAA6A96AEEB68D79933670EEBB94FE3F7154FADD2DFC14450F5468E1C79FE4D37DD34ECE70A4A5FF47F4A9F649DA3468DFA93403D7147B90EF4C8C4D828DCDB39C28E275063E4E7B42B6E44CF6FBBF452EDCE10C7E943E28D45BC7188831E8A5F8B19BCBE668DA37EF3BD9EC5F31FAABFDA90BE499C5ADC4BD7D2D2322CF912E7D8EC76AEBCBF487BEA42A9547A67F2E4C9C3B6F4FADB6FBFED4F7F671C0CF181403504AAFA537F353D4BF779DE58C5010AD16C0DF579E7AEBFFEFA6233F7A594A7AE3435357D3B63C68C216FEA0E1E3CF87B6363E3FF3534347C25500D81AAFED45F6D3B7C29B0F662533754271B8E66AEB86F2E1DFBC68C19739684A7EE9E7469A3B5EDE1871FEE1CAAA62E66E6D2C631AE0AB1B9964E53225005AAFA33D45FDFD226EEA2B4B1EA283675B1FC7A22F7D4C5CC5FB799B983E9EFFCA374A76E9BBAF409F0F5A449933A4FF49EBAD83317CBAC313357CBCD9C4015A8EACFD0D0F514CD55B1A9CB0F9438DEA35FE368D66E074068E62097365D6FA7CD57E7A2458B3A3B3A3A8EFBD424878F66EDACD53D730255A0AA3F43FD0D6CA6AEB8FC9A9FD264E1C285C9B66DDB067DD2E038CF5CB725D67C99553307B938FA357D526C193F7E7CE7E2C58B7F1FEC1525E20A1071D2E0F4671C8825D6B441FCB3403504AAFA537F56821A1A1AD6746BC2B2F1E0830F6657F3883D76B14A944F28C4C7B6B6B66C8FDC92254BB2A3F48B5780281E0061CF1CF461F4E8D17F1F17344E9F249D53A64CF9ED95575EF9EDB3CF3EFB7DEBD6ADC5FEAD331AB8F4C9B667CE9C39DBE3DAAC7139AF74FC506B270D16A80255FD19EAEF8464CBD4EEB375C731F63A35090C50EC7B3BFC04FC3C6DEEE2C086DF8B4FA8F4BE43879F9C5FC619C26B7D9F9C4015A8EACF507FC7EFF01525B61F6323B73BAE00E1A4C1804015A8EACF507F15A0A9A96944DADC3D1793023139707892A0C7A441AC18954AA517625B907F3540A00A54F567A83F0004AA40557F86FA0310A88640557FEA0F00816A0854F5A7FE0010A80255FD19EA0F00812A50D59FA1FE0004AA2150D59FFA0340A01A0255FDA93F0004AA40557F86FA0340A00A54F56768E80004AA2150D59FFA0340A01A1A3A7F77F507804015A8EACF507F001A3A412650D59FA1A10310A88640557FEA0F00816A68E80CF507804015A8EACF507F00F568C58A15824CA0AA3F43430750CD5A5B5B0FEDDCB9539855C0D8B265CB0F69A01E507F86FA0360503EFEF8E3275A5A5A3A77ECD821D4CA1CA6CB972FFF3D1DB3D59FA1FE0018B4F4457C46FACE7C6F2CB718651B07EA354CD59FFA03000000000000000000000000000000000000000000A879FF0F578CB410467A95540000000049454E44AE426082, 1);
INSERT INTO `act_ge_bytearray` VALUES ('138122793749550211', 1, 'source', NULL, 0x3C3F786D6C2076657273696F6E3D22312E302220656E636F64696E673D225554462D38223F3E0A3C62706D6E3A646566696E6974696F6E7320786D6C6E733A7873693D22687474703A2F2F7777772E77332E6F72672F323030312F584D4C536368656D612D696E7374616E63652220786D6C6E733A62706D6E3D22687474703A2F2F7777772E6F6D672E6F72672F737065632F42504D4E2F32303130303532342F4D4F44454C2220786D6C6E733A62706D6E64693D22687474703A2F2F7777772E6F6D672E6F72672F737065632F42504D4E2F32303130303532342F44492220786D6C6E733A64633D22687474703A2F2F7777772E6F6D672E6F72672F737065632F44442F32303130303532342F44432220786D6C6E733A63616D756E64613D22687474703A2F2F63616D756E64612E6F72672F736368656D612F312E302F62706D6E2220786D6C6E733A64693D22687474703A2F2F7777772E6F6D672E6F72672F737065632F44442F32303130303532342F4449222069643D22446566696E6974696F6E735F3122207461726765744E616D6573706163653D22687474703A2F2F62706D6E2E696F2F736368656D612F62706D6E223E0A20203C62706D6E3A70726F636573732069643D226D6F6E65792220697345786563757461626C653D2274727565223E0A202020203C62706D6E3A73746172744576656E742069643D2253746172744576656E745F3122206E616D653D22E5BC80E5A78B223E0A2020202020203C62706D6E3A6F7574676F696E673E53657175656E6365466C6F775F30647673686A643C2F62706D6E3A6F7574676F696E673E0A202020203C2F62706D6E3A73746172744576656E743E0A202020203C62706D6E3A73657175656E6365466C6F772069643D2253657175656E6365466C6F775F30647673686A642220736F757263655265663D2253746172744576656E745F3122207461726765745265663D225461736B5F316C32356E796222202F3E0A202020203C62706D6E3A757365725461736B2069643D225461736B5F316C32356E796222206E616D653D22E88A82E782B931222063616D756E64613A61737369676E65653D22313337393537383031323238303030313832223E0A2020202020203C62706D6E3A696E636F6D696E673E53657175656E6365466C6F775F30647673686A643C2F62706D6E3A696E636F6D696E673E0A2020202020203C62706D6E3A6F7574676F696E673E53657175656E6365466C6F775F3178696E7268783C2F62706D6E3A6F7574676F696E673E0A202020203C2F62706D6E3A757365725461736B3E0A202020203C62706D6E3A73657175656E6365466C6F772069643D2253657175656E6365466C6F775F3178696E7268782220736F757263655265663D225461736B5F316C32356E796222207461726765745265663D225461736B5F307A64666E707522202F3E0A202020203C62706D6E3A757365725461736B2069643D225461736B5F307A64666E707522206E616D653D22E88A82E782B932222063616D756E64613A61737369676E65653D22313337393537383031323238303030313832223E0A2020202020203C62706D6E3A696E636F6D696E673E53657175656E6365466C6F775F3178696E7268783C2F62706D6E3A696E636F6D696E673E0A2020202020203C62706D6E3A6F7574676F696E673E53657175656E6365466C6F775F317663336D34733C2F62706D6E3A6F7574676F696E673E0A202020203C2F62706D6E3A757365725461736B3E0A202020203C62706D6E3A73657175656E6365466C6F772069643D2253657175656E6365466C6F775F317663336D34732220736F757263655265663D225461736B5F307A64666E707522207461726765745265663D225461736B5F3033337568666122202F3E0A202020203C62706D6E3A757365725461736B2069643D225461736B5F3033337568666122206E616D653D22E88A82E782B933222063616D756E64613A61737369676E65653D22313337393537383031323238303030313832223E0A2020202020203C62706D6E3A696E636F6D696E673E53657175656E6365466C6F775F317663336D34733C2F62706D6E3A696E636F6D696E673E0A2020202020203C62706D6E3A6F7574676F696E673E53657175656E6365466C6F775F306576623165363C2F62706D6E3A6F7574676F696E673E0A202020203C2F62706D6E3A757365725461736B3E0A202020203C62706D6E3A73657175656E6365466C6F772069643D2253657175656E6365466C6F775F306576623165362220736F757263655265663D225461736B5F3033337568666122207461726765745265663D225461736B5F3168387330376822202F3E0A202020203C62706D6E3A757365725461736B2069643D225461736B5F3168387330376822206E616D653D22E88A82E782B934222063616D756E64613A61737369676E65653D22313337393537383031323238303030313832223E0A2020202020203C62706D6E3A696E636F6D696E673E53657175656E6365466C6F775F306576623165363C2F62706D6E3A696E636F6D696E673E0A2020202020203C62706D6E3A6F7574676F696E673E53657175656E6365466C6F775F3164756C646C633C2F62706D6E3A6F7574676F696E673E0A202020203C2F62706D6E3A757365725461736B3E0A202020203C62706D6E3A656E644576656E742069643D22456E644576656E745F3063736D76776C22206E616D653D22E7BB93E69D9F223E0A2020202020203C62706D6E3A696E636F6D696E673E53657175656E6365466C6F775F3164756C646C633C2F62706D6E3A696E636F6D696E673E0A202020203C2F62706D6E3A656E644576656E743E0A202020203C62706D6E3A73657175656E6365466C6F772069643D2253657175656E6365466C6F775F3164756C646C632220736F757263655265663D225461736B5F3168387330376822207461726765745265663D22456E644576656E745F3063736D76776C22202F3E0A20203C2F62706D6E3A70726F636573733E0A20203C62706D6E64693A42504D4E4469616772616D2069643D2242504D4E4469616772616D5F31223E0A202020203C62706D6E64693A42504D4E506C616E652069643D2242504D4E506C616E655F31222062706D6E456C656D656E743D2250726F636573735F31223E0A2020202020203C62706D6E64693A42504D4E53686170652069643D225F42504D4E53686170655F53746172744576656E745F32222062706D6E456C656D656E743D2253746172744576656E745F31223E0A20202020202020203C64633A426F756E647320783D223137332220793D22313032222077696474683D22333622206865696768743D22333622202F3E0A20202020202020203C62706D6E64693A42504D4E4C6162656C3E0A202020202020202020203C64633A426F756E647320783D223138302220793D22313435222077696474683D22323222206865696768743D22313422202F3E0A20202020202020203C2F62706D6E64693A42504D4E4C6162656C3E0A2020202020203C2F62706D6E64693A42504D4E53686170653E0A2020202020203C62706D6E64693A42504D4E456467652069643D2253657175656E6365466C6F775F30647673686A645F6469222062706D6E456C656D656E743D2253657175656E6365466C6F775F30647673686A64223E0A20202020202020203C64693A776179706F696E7420783D223230392220793D2231323022202F3E0A20202020202020203C64693A776179706F696E7420783D223236302220793D2231323022202F3E0A2020202020203C2F62706D6E64693A42504D4E456467653E0A2020202020203C62706D6E64693A42504D4E53686170652069643D22557365725461736B5F313630373674745F6469222062706D6E456C656D656E743D225461736B5F316C32356E7962223E0A20202020202020203C64633A426F756E647320783D223236302220793D223830222077696474683D2231303022206865696768743D22383022202F3E0A2020202020203C2F62706D6E64693A42504D4E53686170653E0A2020202020203C62706D6E64693A42504D4E456467652069643D2253657175656E6365466C6F775F3178696E7268785F6469222062706D6E456C656D656E743D2253657175656E6365466C6F775F3178696E726878223E0A20202020202020203C64693A776179706F696E7420783D223336302220793D2231323022202F3E0A20202020202020203C64693A776179706F696E7420783D223432302220793D2231323022202F3E0A2020202020203C2F62706D6E64693A42504D4E456467653E0A2020202020203C62706D6E64693A42504D4E53686170652069643D22557365725461736B5F3132737A706D6C5F6469222062706D6E456C656D656E743D225461736B5F307A64666E7075223E0A20202020202020203C64633A426F756E647320783D223432302220793D223830222077696474683D2231303022206865696768743D22383022202F3E0A2020202020203C2F62706D6E64693A42504D4E53686170653E0A2020202020203C62706D6E64693A42504D4E456467652069643D2253657175656E6365466C6F775F317663336D34735F6469222062706D6E456C656D656E743D2253657175656E6365466C6F775F317663336D3473223E0A20202020202020203C64693A776179706F696E7420783D223532302220793D2231323022202F3E0A20202020202020203C64693A776179706F696E7420783D223538302220793D2231323022202F3E0A2020202020203C2F62706D6E64693A42504D4E456467653E0A2020202020203C62706D6E64693A42504D4E53686170652069643D22557365725461736B5F307033367173745F6469222062706D6E456C656D656E743D225461736B5F30333375686661223E0A20202020202020203C64633A426F756E647320783D223538302220793D223830222077696474683D2231303022206865696768743D22383022202F3E0A2020202020203C2F62706D6E64693A42504D4E53686170653E0A2020202020203C62706D6E64693A42504D4E456467652069643D2253657175656E6365466C6F775F306576623165365F6469222062706D6E456C656D656E743D2253657175656E6365466C6F775F30657662316536223E0A20202020202020203C64693A776179706F696E7420783D223638302220793D2231323022202F3E0A20202020202020203C64693A776179706F696E7420783D223734302220793D2231323022202F3E0A2020202020203C2F62706D6E64693A42504D4E456467653E0A2020202020203C62706D6E64693A42504D4E53686170652069643D22557365725461736B5F317279377665395F6469222062706D6E456C656D656E743D225461736B5F31683873303768223E0A20202020202020203C64633A426F756E647320783D223734302220793D223830222077696474683D2231303022206865696768743D22383022202F3E0A2020202020203C2F62706D6E64693A42504D4E53686170653E0A2020202020203C62706D6E64693A42504D4E53686170652069643D22456E644576656E745F3063736D76776C5F6469222062706D6E456C656D656E743D22456E644576656E745F3063736D76776C223E0A20202020202020203C64633A426F756E647320783D223930322220793D22313032222077696474683D22333622206865696768743D22333622202F3E0A20202020202020203C62706D6E64693A42504D4E4C6162656C3E0A202020202020202020203C64633A426F756E647320783D223930392220793D22313435222077696474683D22323222206865696768743D22313422202F3E0A20202020202020203C2F62706D6E64693A42504D4E4C6162656C3E0A2020202020203C2F62706D6E64693A42504D4E53686170653E0A2020202020203C62706D6E64693A42504D4E456467652069643D2253657175656E6365466C6F775F3164756C646C635F6469222062706D6E456C656D656E743D2253657175656E6365466C6F775F3164756C646C63223E0A20202020202020203C64693A776179706F696E7420783D223834302220793D2231323022202F3E0A20202020202020203C64693A776179706F696E7420783D223930322220793D2231323022202F3E0A2020202020203C2F62706D6E64693A42504D4E456467653E0A202020203C2F62706D6E64693A42504D4E506C616E653E0A20203C2F62706D6E64693A42504D4E4469616772616D3E0A3C2F62706D6E3A646566696E6974696F6E733E0A, NULL);
INSERT INTO `act_ge_bytearray` VALUES ('138122793767210212', 1, 'source-extra', NULL, 0x89504E470D0A1A0A0000000D49484452000003090000005C08060000002530F955000000206348524D00007A26000080840000FA00000080E8000075300000EA6000003A98000017709CBA513C0000000467414D410000B18E7CFB5193000000017352474200AECE1CE900000006624B474400FF00FF00FFA0BDA793000000097048597300000EC400000EC401952B0E1B00001CC84944415478DAED9D097454E5D9C7DFD9B290F01135583C808044F6025A4E45B008D523A8807E122A0856AC4845A5C861118D80402C224B05292A6283821515944528B52E80D80F94068AE2018DEC1EA28406844CB659BEF799B9136EA693907D6692DFEF9C273377E6CECC9D9BFFBCF7FDBFCFBB28050000000000000000000000000000000000000000000000000000000000504D2C9C82882349474F1DDD75C4713AAA8D4BC7011D5B75E4703AD01FFA437FE80FD01FFA034C42D470F9E597DF62B7DB9FCBCECEFEB9C7E3B172466A1E7D7E3F75B95CD38D020BD01FFA437FE80FD01FFA034C42C4D2A279F3E66BBEFFFEFBEB64232121C1DBAB572F77972E5D3CFA3E67A79AE4E5E5A923478E583FF8E0039BBE1FD0FB161DE374647186D01FFA437FE80FFDA13FF407988448A375D3A64DF79C3A752AE9B2CB2EF38E1D3BB678CA9429458D1B37F6726A6A9673E7CE59962E5DEA98376F5ECCE9D3A745F72774FC4AC711F487FED01FFA437FE80FFDA13FC024444C0B862EA0BE9402AA4F9F3EEE55AB56E5B76CD9B254E1949E9E1EB37EFD7ABB4659AD56357AF4E8E2FBEFBFBF98535775F4F9B68C183122EE1FFFF887DD28A8FA35D0160DF487FED01FFA437FE80FFD4199D83805E1A179F3E61F646767A74801F5FEFBEFE7EB02ABA48072B95CAA478F1E093B76ECB07FFBEDB7D663C78E59BD5EAFF5D0A143D6CD9B37DBEFBAEB2E97145A507924853C7CF870D7EEDDBB6D5959593248AD9D8E37D01FFA437FE80FFDA13FF487FE009310566490942EA0A64A8AF3E38F3F76CAADF9F9D4D4D4F8CF3FFFDC96939363F1783CBEC77EFAE92775FCF8718BD3E9F4657FAEBFFE7A3767B26A48017FCB2DB7B8333232ACFA7C4A21B54D35A0B427FA437FE80FFDA13FF487FEE0A2FF2F4E41DD23B328C8EDA38F3E5A74C51557942AA0D6AE5D6B3F76EC980CF2515DBB7695160D1517776126B6A3478F5ADE7CF34D0767B17A48CBD1A449930205FD0CF487FED01FFA437FE80FFDA13F30FD5E3805754E924CB326B3284C9C38F1BFFA37EEDAB5CB370BC0C30F3FAC7401A6929393D58E1D3B546E6EAEEF565A347EFCF147C692D400FA1C17CF9C3953E5E7E7F7D59BC9AA61CCE38CFED01FFA03F487FED01F601222909E320F739F3E7D5CA16651888D8D55DDBB775773E7CE55898989BEC71E7AE8215F01959595A5BEFFFE7B99528CD9176A0039FFFDFAF52BDCBC7973ACDE94826A0DFA437FE80FFDA13FF487FED01FD0DD281CC84A8EAA43870E9E90CD1C4949DE8C8C0C4FA0800A70C30D37A851A346A9B4B434159C2285AAD3BE7DFB402EB903FA437FE80FFDA13FF487FED01F6012C285EF4751D6422DB7DE7AAB6BC3860DE50E8AF27ABD1E4E63CD60FA3FD8D11FFA437FE80FFDA13FF487FE0093109174EAD4C973EAD429F7F9F3E743CEC77CF2E4C9A2C4C4440A29407F80FE00D01F0026A1A1202B13BADD6EDBA38F3E1AD2594F9B36CDF1E38F3FDABEF9E61BFE7780FE00FD01A03F805A81144F84200BB82C5BB62CCEE974DA274D9A54E6EC09CB972F97E7EC13264CB0B568D1A278D0A041C5EDDAB5A36503D01FA03F00F4075063E086238082820299B339E1B6DB6E739C3D7BD62205D6C5484C4CB44C9C383166D7AE5DB18B162D8AE12C02FA03F40780FE003009F5883FFDE94F8D9E7EFA696BEBD6ADD57DF7DDA756AF5E5DEEFEEBD6AD53B7DF7EBBEFFEBDF7DE6BBFE5965BAC73E7CEA5A002F407E80F00FD016012EA0B858585B666CD9AF9EEA7A4A4F8E6674E4F4F573939A5D7163973E68C7AF6D96765C548D5B367CF92C73B76ECE8387FFE3C0BBC00FA03F40780FE006A04C624442077DE79A7EADBB7AFF47F54A74F9FF62DF022242525F9E66A0E146800E80FD01F00FA03C0243400B66EDDEA2BA0A4409A34695285F605407F80FE00D01F404D4277A3082CA46A635F00F407E80F00FD01541432090000000000918FF477EB6084B9EF5BB68E03466447B24948D6D145478A8E16415FE0888EAF749CE0FF0C00000000502E32527E848E813A5A57607FA96B7FA8E30D1D5B23C124A4B46AD56A425151D1801F7EF8A1B5C7E329B71B535C5CDCB70505056BF5DDD70CD70300000000007EEED491A6A347255F274662B411D230FF8C8E353A5C953D806A9984C68D1BF7D6B14C1B838E478F1EF54D01D6A449136FDBB66DDD3ABC2929291E9BCDE6DB579EFFEEBBEFAC070F1EB49E3E7DFA6AFDD054098BC5B2CBEBF5CA08A11D0D5505B9B9B9EEE9D3A7FBEE6FDBB6CDA24D96B722AF33EF7BF6EC597E4E80FE00FD01A03F886EC414BCA0FC1984EA223D7BDE34CCC6833A76D68549486ED5AAD5DBBAE2DFEFDCB9739219500F3EF860516A6AAAAB77EFDE6ED92E8FCCCC4CEBEAD5AB1D4B972E75E4E5E55DA71FFAD470396375E43434352C5AB4C8C96F02D01FA03F00F4070D1A69409FA12364455AD6E9E8DAB5ABBB73E7CE9EE4E4646F424282ACF5A1B2B3B32DFBF7EFB7EEDBB7CF56C6AAE162163E51FEACC2B3AA8259854A9B047D4037C5C7C76FD406215ECCC0E38F3F5E387EFCF8E24B2EB9C45BD1F7B8F6DA6B3D3A0A67CD9A55B860C182983973E6C468B3906AB158FA79BDDE017A97DDE804000000001A00521FCFD031329431183468906BC89021C583070F76376EDCB8CCFA764141815ABF7EBD7DEDDAB58E8D1B37DA65DB84188FD93ABAE9185E11A3502993A09DCBC3870E1D5A9C939363EBD3A78F7BC58A15056DDAB4F154F58C88C9484B4B2B1A33664CF1B061C3E23FFEF8E3CBF4C3FFA763908E2D680600000000EAB941784FF9072697E2A1871E2A9A30614271BB76ED2A54D7967AF5DD77DFED923879F2A465D6AC59312FBDF4524CD06EA93A928CBA764179EF57E17512C4201C3E7CF885FCFC7CDBB871E38A3EFAE82367750C8299A64D9B7AE5FD9E78E289223959168BE57D7D3B00DD00000000403D2623D8205C79E5959E2D5BB6385F7CF1C5C28A1A8460AEB8E20AAFBC7EDBB66DCEABAEBA2AF83D6ED6B1525D2459502193205D8C2483E0743AAD4F3DF554D1E2C58B0B25FD51D3FCF18F7F2C94F7F77ABD32DA79A3AAFC886E00000000806840C62094EA6274EDB5D7BA77EFDEEDECDFBFBFBB263E407AFEC8FBFDF297BF0C7EBF54E3F3AB651292636262DE0F641066CF9E5D589B674BDE3F9051D0F137557AB108000000008068471AC267041B84AD5BB7E64B0F9B9AFC201937FCD9679F85320A32EBD10D5536096DDAB459939B9B1B274E64E1C285857571D624A3F0EB5FFF5ABE882CCCF6023A02000000807AC48BCA348B91D1C528BFBC81C9D5417A00C9FB07755F8A338EC35E699320EB201C3E7CF84619082183946BA38B5159AC5EBD3ABF51A346F245241DD2172D01000000403D40164A2BD5A5FE2F7FF94B414D671082918CC22BAFBC125C9FEF62D4B52B6D1296C9AD4C735A5383942B8A9CA8E9D3A7171B9B73D01300000000D403D2CC1B328BD14D37DDE4AE8B0F969E41A3478F2E0A713CF6CA988414594959B208B20E4238CEA0FEDCA2C4C44499C755569DEB80A6229353A74E59CA58BC03A04EF4C75900F407E80FA204A9D3966411A4555FA639ADCB03983E7D7A51D0C2C7924DB8A1C226A155AB5613DC6EB765D4A85145955928AD26912F3076ECD84006E38128F8C747FD20EB7BEEB927EEF0E1C33E5DBCF6DA6B8EB7DE7AEBA27DCCB66FDF6E4B4F4F8FE1778FFEAACB6F7FFBDBB8C0E22FD3A64D8BDDB76FDF45C74D2D5EBC3846B4CABF1FFDA13FF487FE200A7438C2BC210BA555759AD3AA22D3A3CAE796775C3E0353D61B68A1DE26B7A9A9A9616D221E366C58F1BC79F3A4022AEB264C8E70719CD4B14EC7041D47A241CD52209D3C79B2A420FAEEBBEF7CF7C528C832DF2D5AB4F07EF3CD375631013367CE2C0AD5ED2C2929C9EB743A2D1F7DF4914C5DABF6EEDD6B4B4C4CF4FEFEF7BF2FE58CFFFCE73F3B76EDDA657BFDF5D70B2847D09F70EEDC394B4E4E4E494BD8F9F3E72D013D9E3D7B569D3973C6929999695DB26449CCD2A54B0B825A3E4A90F708E84FDFDA7BF7EEEDBEFDF6DB7D65D7A2458B62162E5CE830B4AA323232F265D577E482FEEA427F0B162C90D73A24DB9A9292E25DB56A55BE5CA0910BFAAB0BFD05F8FCF3CF6DC3870F8FD3D7F83CA412761D965A134156520EC781CAE7BEF3CE3B661F7073454D42F2A953A7AE6CD2A489F7C61B6F7487F36CCBC5BC71E3C685FAC724A990163A4E44B8406430CA1DCABFCEC3F86828ACF4B995F127219FD317368BC3E1506210C40C94F51EEDDBB7F704FAD385EA57F7F2CB2F3B1E7BECB1385D48155386A03F93BE547E7EBE8A8F8F2F739F4B2EB9445AD58A8A8B8B2DFA22195283DDBB777787D29F5C60A582B673E74EA754CC366DDA641F3A74683C174AF45717FAFBFAEBAFAD8B172F76C89486D2C0F2873FFC21362D2D2D5606282215F457DBFA0B909B9B6B118340B7E088D0A1641A5A9754C2ED763578F0E0B0D4B3EFB8E30E9718CF40F6CA382E39BEEC8B99842E1E8FC7DAB66D5B775DCE685416292929857BF6EC8955FE3E5327A24020D23230D8708B1B22B9654304D2B56BD79256D57BEEB9C715C816F4EBD7CF2DC6400AB14E9D3A79820B9D2FBFFCD2DAB2654BAF641CA42543B20FB2EFB7DF7E6B15F105F67DE6996762B66DDB669B3A756AD1D1A347E93F89FECC1740AFB93BA3E826A03FB97FCD35D7788E1F3F6E09D69F3C267D71E5022A2D6EA241D19F2C432F6556602E6831B953A64C290AB4DC4AEBDAC08103E39108FAAB0BFDC97BAF5CB9B220F09EDDBA75F3FCF5AF7FA56B08FAAB13FD0598387162ECDD77DFED7AE38D37ECC823EC3A2C35BE56D7BFDCB535E56905EB7F6EC932991EEE50119390227FB44988889468C78E1D1DDA2428B3FB8A12AC2647B9C91049C42105CBBBEFBE6B17C1483721ED6AE3CD95FC59B366C5ECDDBBD7692ECCA4207AFEF9E763162C5850D8AB572F29C07C85989885B56BD7DACDAFD70554515A5A9A7AF5D5571DDA24D8283BD09F19696DFDE4934F6C8154BA597F478E1CB18AFEA4E5DFDC60212675C58A150E19EC651EF0F5E9A79FDA24651FB848CAADF982295DDECCA618D05F6DEA4FCCA90EB794B1620E962D5BE690E9079106FAAB0BFD09620CF475D73A75EAD4024C4244E8F073F3939D3B770EEBF5483E3F8449D87A3193D0C2E714525222E2627AD5555705BEC030159D83932C869BBC5DC77F22EDE0E442F6C8238F941434D2EAFFC0030F946CBFFEFAEB8EE0C1EBE27CC5508418A3606DD5AA9537D8AD46017D753C5D8F5B3422567FD24A666E290BA5BFE08CA6748F6BD2A4890AD65F7272B25722D4E7C8E0BED9B367C76EDFBEDD89FED05F5DEA4FFA9E4B56B659B366DE37DF7CD32E5310A23FF457DBFA93EC823619B11F7EF8A153B2AA5C7F2342870383FF67E13CA8109F5FAA8E5DAEABB4D922AED1F74623A2592497C91DAFD71BF5DD6E24C519182C657E2C4ABF4EB46BABC1E94FBAAE05EBEFE0C18356191F13BCEF934F3E19BB7EFD7AFB071F7CE0ACEB5924D01FFA13CD49DC75D75DAE4B2FBD3451EBB148BA6AA23FF4579BFA1B3D7A749C6CEB72CF2E59FEBCBC3C8B64F47FF39BDFB8C2D5C5A501EB2F2409090961FDFCD8D8D8729F2FD724B8DD91D1D8A18F43167D90198EB629531A24029951C6E33FE838A3A38D8EB33A9A5A2C96889FDD425A21F4852C64854AFA43CAA0F6E0415292568F92CC413091AEAD06A53F1960275A2AAB22959B9BAB42E94F5E173C085FA6F59574BB0C5E8EB00B23FAABE7FA934A9CCCF6265D2E653B90918D84B17EE8AFFEEBEFB6DB6E73C90C49D26D49C62EC8F3723F020730D707FD555487D29DBFC4DC69E316D6832D2C2CAC9249F00D0ECECACAB246C2193F70E080740F48D4B15AC74B51248E7FEB38AEFCA9B44F957FD9EBD4724414514821357EFCF878ED74BDA10C445A5A5A91F465EBD8B1A3273E3EDE2B2DB543860C71495AFDEF7FFFBBAD7FFFFEEE28FA614B01F5743D2B9CA25A7FD25777E4C891B19D3A757287D29FA4E465B622AD33976855B428FA933131326DAFB4DCCA3A1FEFBCF38EE3F9E79F2F78FBEDB74BCA3B733A1FFDA1BFDAD29F74E51C3162444C870E1D7C5D4A66CF9E1D73EFBDF71647E014A8E8AF1EEA2F604E03AF916BB4D66021D7DFB0EAF06D1DD3024F86BBF785790ADEC0219937CA320159F2275266A23978F060E0EE91281149A6F24F7DD55ECCBD8E7E3A86EAF82A9A94DEAB572FF7BBEFBE9BBF61C386FC525F2E33D3BA6EDD3A5F854B320DDA2CC448CB98AC81208BBF48EBC673CF3D172BFD70CDAFBBFAEAAB3D327FB302F47711444F6232B5D974BEF0C20BA52E6A72610C3460E8FDBCB20E82B4B8C934BB92E192198C1E7CF0415F3A4B06F1C9B4BBA24DE9EB1B082482FEEA427F620CA4FC942E1EA3468D8A93715CCB962D63E032FAAB13FD9911ED8989401E61D7E1C7E69DF6EFDF1FD6EB91FEFC601F70A09416CB78DD5756ABD523FDDB242D15EED4E8A143871A058E2B0A84F1BEF22F6D7D48C7F53AF6469BB2AFBBEE3AB7B9B00A46A6381D3B76ACAF85425AC4468E1CE92B78F463C581EE493366CC2874381CA55ACB64B05E040ED8AB6FD42BFD85EABA76E2C409CB9831637C990099A9A84D9B363E9DCD9F3FBFB069D3A6BEFBD3A74FF75D58A5B52D02B306E8AF81E84F909966A4B10569A0BF70E82F803CB770E1C2422412761D96AA844BC6481A54C3D11556D647D8B76F9FAD2A2621478BF3EBB367CF76F9E73FFF690B67C54E5AADF51749300C4234AC912015E65FA928CB1A9831CF74140A996FD9BC1D986ECD3CD3026600FDD596FECC2B791B534C7A0317CCC0E3A1161402F487FED01FFA8330EB50BAF31C51C694FED210BF61C306DB881123EA3CCB23DDCF4C0BA929E3B8B22B621294D3E99465A5BB847BBAB665CB96E5EA1B31095BA2401857049F6000F407E80F00FD013A34904CC3A3818DB56BD73AC26112E473831EFA30789FF20626BF66B158DC2B56AC8891853BC271A6C5E16464645C6A6CBE1A05E2A08002F407E80F00FD013A2C8B37CC1B1B376EB4CB2ADA75799032D85D3EB7BCE3BA984990C1CB3BA4A2BE68D1A2B02C233F77EEDCFCA2A222198FB05305F59302000000008832A44EBB3BB0215D8ED2D2D262EBF2006425EFA0AE46D2356A47654C822C3832556EE7CF9F1F23AEA32EBF808CD24F4F4FFF1F63F309340500000000F58067CC1B2B57AE74042F8E575B6CDFBEDDB67CF9F29810C7E3AA944930DCCE6A59A56FD8B061F175B90047FFFEFDF3F4E7C9D0FE35AAFE2CB201000000000D1B19F7BBDBFCC0EF7EF7BB386920AFCD0F95E10332456E507DFE2BA3AEAD2A6B1284713AB2C5793CF9E49375920E19376EDC4F7BF6ECF999BE9B637C3E00000000407D61AC8E923E3FC78E1DB30E1830203E788DA99A428C81BCBF2CB6677AB8C0380E57554D8254D46FB5582C79F3E6CD8B99366D5AAD1A85C99327172C59B2A4B971C0B72A06230100000040FD42320933CD0F646666DAFAF6ED1B5FD31905C920F4EEDDBB91ACCC1DF4947433DA51D6EBAC157CFFBD5EAF37558C427A7A7ACC942953626BA3EB916410E6CF9FDFD430088354502A0600000000A09EF0AC8E55C146A1478F1E8D6A6A8C82F404EAD9B3672883B0C6F8FC32A9CC52CA5BC428E8DB77E6CD9B97B86BD72EDBEAD5ABF3030B795407714C320661CF9E3DCD4D06610BDA01000000807ACCFD3A92740C0C3C205D8F6EBEF9E646F7DF7F7FF1CC99330B5BB66C59E9BAB64C3824B318C9520641331909B226C2BDAA8C6E46553109CAA8B8CB2A727FD3CEA4594A4A4AA3C99327174F9C38B1B82A4B4ACB41CB34A7328B91CBE50A8C41902E46641000000000A0BE2315F5FFD5B152C730F3131919190E99F968D0A041AE21438614EB70C5C5C5955BAFDEB46993FDADB7DE726CDEBCD926130F85D86D8D61100A2E7660F62A7C99BD3A7EAEE345A7D399AA1D4EEC9C39731C63C68C291E3A74A8BB57AF5E6EBBBDFCB7CDCCCCB4CA4ACAB2505A5151D1E5A6839EA0E3047A010000008006641486EBF8B78E193A4A9C8074EF7FEFBDF7EC12A3468D525DBB767577EEDCD9D3AC59336F6C6CAC2A2C2C5439393996FDFBF75BF7EDDB670B913528F110CA3F06E15975910C42754C82202DFE4375F4D4314F57F47B2E59B22456876AD4A85151DBB66D0BDBB56BE7E8D8B1A36FCC83DBED2ECACACACAD35FC072E8D0A146FA0B24E887138CF7926956A7A910CB41030000000034109E35EAC3AFE8E8FE5F4E421B0619B32051C9F795694E6516A31D957991BD9A5F462AF8D2FD2845C77D3A06389DCEEE5F7EF965631DE6FD64D186C4A08395AE4BAF2A5652060000000010A4CBFD353AEE54FEAC42F76ABC97D4B7257B20BD752A3DE390BD86BE5096F2670324927574318C430BD33E3295E911E380E9520400000000109A754648AF9D11CA3FB0B975055E27756DC946BCA1FC99832A4F476AAF852F255D91B62A56490600000000A80E3B8D90C5859BE9E8604433D33ED2107FC0881A5B5FCCCEB907000000008878B28DD85A171F66E57C030000000000260100000000003009000000000010F926C1AE1813010000000050917A7345888B049320A3AA5B971103748C0CDAFF29E59F1A35C000E3310000000000B8C063CA3F8B91B9F2BFB202AF7B4F955E9BACCA0DF2D569C90F389554E55FF740A66792751186E8581462FFCE3AD24DDB37E958601C830B2D000000000094D49B9798B6CFEBF8CEB8DFC2A87B2729FF3A0A0541AFED1154DF7E5955618DB2EA988423C6ADAC8B906DDA3E6BBA1FF8225D0C57D3D7F832B2F2DB69E3807B1A5F720B7A0000000080064E0FA3622FF567C9269C318C402BA32E2DAB30AF36EADF527F6E6DAA7BDFA72E4C912AAF9D56D583A8CD310949C6AD180159917993717B99F22F332D0B3E0C338CCA23AA744A0500000000A0A1213D756E50FECCC17D8609D86254FC8F1AB74B54E945D35ED431CA8814D3FD175535C62854359310C80E88AB696F3204CD4C2EE70EE5EF7624CE6680E178E44BEF323E37B0329C7435CA315C12000000004043A6C0A84BBF6AD48F07188FC9FD813A9275AC30ED9F6DDABE31E87E415D9B8413EA42DF2649897CA8E32BE54F7774305CCE56D3FE498611B8CE300E371BFB251BCFCB3886710DE81FAFF2F2F2F80944003939393F193A74A13F407FE80FFDA13F407F11A05319E7DBCCA86BCBAD34AA1F31EAD652776F11F49A24C3544863BC6412469A5E5B656AA2BB515BE5EF46541E070CE713703B76C33404CC446203FAE7EFF59D90030758A32202D8B76FDF4F268DA23F407FE80FFDA13F407FE146BAE54B23BCF4DA91ECC178C30448C88441A382F65F6098886EC66D9C61348687D324B456FE91D6174B65AC31BE6817935968A8ECB4582CEEEDDBB7DBCE9D3B67E177103EE4FC7FF1C5173F3336B7A23F407FE80FFDA13F407F11C050E59F11542AFCD2F3E6ACBAD0B0BE53959E204890DE3C8FEB18ABFC9919E9E2FF82AAE69A09D53109920D7840C7F3418FDBCA3013622406A90B5D8CBA9B5C5143E28CD56ADD9697976759B0608183DF41F8D0E73FAFB8B838C1F8D1E5A03F407FE80FFDA13F407F6146BA0E65E898A3FC8DEB9201134335CA88D410756CE95E34D9742E65D0F34CE55F57E115E5EF8254672621D0F769A62ADD974CEE9F0EDA3730C839602656989C63203E6B48FF7DB7DB3D5B6E972C591273F2E4495A33C2C0A953A72C73E7CE8D313667A23F407FE80FFDA13F407F916066753CA3E309756179805D46FD596295BA30B35133A34EBEC43006C209D3EDADC67B6555E5406C55FC02921538A4C313F4B8F42FDB19E2B16F821EDBAB4A4FDD94D9C0047044478FFCFCFCF65F7CF1852D3535D5151B1BCBCFA28E70B95CAA5FBF7EFF397EFC7833E307F80CFA437FE80FFDA13FF407E82F42C809516F0E70DE54E93F1F549F163E31DDF7A86ACC1E6AE3FF10363ED531F8E8D1A3C99F7DF6996DE0C081AE848404CE4A1DB4604801F5AF7FFDAB95E1B2EFD6F11FF487FED01FFA437FE80FD01F60122201C9B06CD431500AAAE5CB97DBF2F3F32DBFF8C52F3CB46AD43C32486ACE9C39CED4D4548BD1822105D4AF943F2386FED01FFA437FE80FFDA13FF40726E88F177E64CC86AC88E79BF5491750C5BD7BF72EE8D6AD5B2C2D1BD547E6619669D664160563909420294E5997238B3384FED01FFA437FE80FFDA13FC02444327D75A419B7764E47ADB055F907496DE554A03FF487FED01FA03FF4079884684246A9F754FE2962E3381DD54666DC3AA098660DFDA13FF487FE00FDA13F000000000000000000000000000000000000000000000000A855FE1F6393B408A46A203B0000000049454E44AE426082, NULL);
INSERT INTO `act_ge_bytearray` VALUES ('138122793833700214', 1, 'money.bpmn20.xml', '138122793832960213', 0x3C3F786D6C2076657273696F6E3D22312E302220656E636F64696E673D225554462D38223F3E0A3C646566696E6974696F6E7320786D6C6E733D22687474703A2F2F7777772E6F6D672E6F72672F737065632F42504D4E2F32303130303532342F4D4F44454C2220786D6C6E733A7873693D22687474703A2F2F7777772E77332E6F72672F323030312F584D4C536368656D612D696E7374616E63652220786D6C6E733A7873643D22687474703A2F2F7777772E77332E6F72672F323030312F584D4C536368656D612220786D6C6E733A61637469766974693D22687474703A2F2F61637469766974692E6F72672F62706D6E2220786D6C6E733A62706D6E64693D22687474703A2F2F7777772E6F6D672E6F72672F737065632F42504D4E2F32303130303532342F44492220786D6C6E733A6F6D6764633D22687474703A2F2F7777772E6F6D672E6F72672F737065632F44442F32303130303532342F44432220786D6C6E733A6F6D6764693D22687474703A2F2F7777772E6F6D672E6F72672F737065632F44442F32303130303532342F44492220786D6C6E733A62706D6E3D22687474703A2F2F7777772E6F6D672E6F72672F737065632F42504D4E2F32303130303532342F4D4F44454C2220786D6C6E733A64633D22687474703A2F2F7777772E6F6D672E6F72672F737065632F44442F32303130303532342F44432220786D6C6E733A63616D756E64613D22687474703A2F2F63616D756E64612E6F72672F736368656D612F312E302F62706D6E2220786D6C6E733A64693D22687474703A2F2F7777772E6F6D672E6F72672F737065632F44442F32303130303532342F44492220747970654C616E67756167653D22687474703A2F2F7777772E77332E6F72672F323030312F584D4C536368656D61222065787072657373696F6E4C616E67756167653D22687474703A2F2F7777772E77332E6F72672F313939392F585061746822207461726765744E616D6573706163653D22687474703A2F2F62706D6E2E696F2F736368656D612F62706D6E222069643D22446566696E6974696F6E735F31223E0A20203C70726F636573732069643D226D6F6E65792220697345786563757461626C653D2274727565223E0A202020203C73746172744576656E742069643D2253746172744576656E745F3122206E616D653D22E5BC80E5A78B223E3C2F73746172744576656E743E0A202020203C73657175656E6365466C6F772069643D2253657175656E6365466C6F775F30647673686A642220736F757263655265663D2253746172744576656E745F3122207461726765745265663D225461736B5F316C32356E7962223E3C2F73657175656E6365466C6F773E0A202020203C757365725461736B2069643D225461736B5F316C32356E796222206E616D653D22E88A82E782B9312220786D6C6E733A63616D756E64613D22687474703A2F2F63616D756E64612E6F72672F736368656D612F312E302F62706D6E222063616D756E64613A61737369676E65653D22313337393537383031323238303030313832223E3C2F757365725461736B3E0A202020203C73657175656E6365466C6F772069643D2253657175656E6365466C6F775F3178696E7268782220736F757263655265663D225461736B5F316C32356E796222207461726765745265663D225461736B5F307A64666E7075223E3C2F73657175656E6365466C6F773E0A202020203C757365725461736B2069643D225461736B5F307A64666E707522206E616D653D22E88A82E782B9322220786D6C6E733A63616D756E64613D22687474703A2F2F63616D756E64612E6F72672F736368656D612F312E302F62706D6E222063616D756E64613A61737369676E65653D22313337393537383031323238303030313832223E3C2F757365725461736B3E0A202020203C73657175656E6365466C6F772069643D2253657175656E6365466C6F775F317663336D34732220736F757263655265663D225461736B5F307A64666E707522207461726765745265663D225461736B5F30333375686661223E3C2F73657175656E6365466C6F773E0A202020203C757365725461736B2069643D225461736B5F3033337568666122206E616D653D22E88A82E782B9332220786D6C6E733A63616D756E64613D22687474703A2F2F63616D756E64612E6F72672F736368656D612F312E302F62706D6E222063616D756E64613A61737369676E65653D22313337393537383031323238303030313832223E3C2F757365725461736B3E0A202020203C73657175656E6365466C6F772069643D2253657175656E6365466C6F775F306576623165362220736F757263655265663D225461736B5F3033337568666122207461726765745265663D225461736B5F31683873303768223E3C2F73657175656E6365466C6F773E0A202020203C757365725461736B2069643D225461736B5F3168387330376822206E616D653D22E88A82E782B9342220786D6C6E733A63616D756E64613D22687474703A2F2F63616D756E64612E6F72672F736368656D612F312E302F62706D6E222063616D756E64613A61737369676E65653D22313337393537383031323238303030313832223E3C2F757365725461736B3E0A202020203C656E644576656E742069643D22456E644576656E745F3063736D76776C22206E616D653D22E7BB93E69D9F223E3C2F656E644576656E743E0A202020203C73657175656E6365466C6F772069643D2253657175656E6365466C6F775F3164756C646C632220736F757263655265663D225461736B5F3168387330376822207461726765745265663D22456E644576656E745F3063736D76776C223E3C2F73657175656E6365466C6F773E0A20203C2F70726F636573733E0A20203C62706D6E64693A42504D4E4469616772616D2069643D2242504D4E4469616772616D5F6D6F6E6579223E0A202020203C62706D6E64693A42504D4E506C616E652062706D6E456C656D656E743D226D6F6E6579222069643D2242504D4E506C616E655F6D6F6E6579223E0A2020202020203C62706D6E64693A42504D4E53686170652062706D6E456C656D656E743D2253746172744576656E745F31222069643D2242504D4E53686170655F53746172744576656E745F31223E0A20202020202020203C6F6D6764633A426F756E6473206865696768743D2233362E30222077696474683D2233362E302220783D223137332E302220793D223130322E30223E3C2F6F6D6764633A426F756E64733E0A2020202020203C2F62706D6E64693A42504D4E53686170653E0A2020202020203C62706D6E64693A42504D4E53686170652062706D6E456C656D656E743D225461736B5F316C32356E7962222069643D2242504D4E53686170655F5461736B5F316C32356E7962223E0A20202020202020203C6F6D6764633A426F756E6473206865696768743D2238302E30222077696474683D223130302E302220783D223236302E302220793D2238302E30223E3C2F6F6D6764633A426F756E64733E0A2020202020203C2F62706D6E64693A42504D4E53686170653E0A2020202020203C62706D6E64693A42504D4E53686170652062706D6E456C656D656E743D225461736B5F307A64666E7075222069643D2242504D4E53686170655F5461736B5F307A64666E7075223E0A20202020202020203C6F6D6764633A426F756E6473206865696768743D2238302E30222077696474683D223130302E302220783D223432302E302220793D2238302E30223E3C2F6F6D6764633A426F756E64733E0A2020202020203C2F62706D6E64693A42504D4E53686170653E0A2020202020203C62706D6E64693A42504D4E53686170652062706D6E456C656D656E743D225461736B5F30333375686661222069643D2242504D4E53686170655F5461736B5F30333375686661223E0A20202020202020203C6F6D6764633A426F756E6473206865696768743D2238302E30222077696474683D223130302E302220783D223538302E302220793D2238302E30223E3C2F6F6D6764633A426F756E64733E0A2020202020203C2F62706D6E64693A42504D4E53686170653E0A2020202020203C62706D6E64693A42504D4E53686170652062706D6E456C656D656E743D225461736B5F31683873303768222069643D2242504D4E53686170655F5461736B5F31683873303768223E0A20202020202020203C6F6D6764633A426F756E6473206865696768743D2238302E30222077696474683D223130302E302220783D223734302E302220793D2238302E30223E3C2F6F6D6764633A426F756E64733E0A2020202020203C2F62706D6E64693A42504D4E53686170653E0A2020202020203C62706D6E64693A42504D4E53686170652062706D6E456C656D656E743D22456E644576656E745F3063736D76776C222069643D2242504D4E53686170655F456E644576656E745F3063736D76776C223E0A20202020202020203C6F6D6764633A426F756E6473206865696768743D2233362E30222077696474683D2233362E302220783D223930322E302220793D223130322E30223E3C2F6F6D6764633A426F756E64733E0A2020202020203C2F62706D6E64693A42504D4E53686170653E0A2020202020203C62706D6E64693A42504D4E456467652062706D6E456C656D656E743D2253657175656E6365466C6F775F30647673686A64222069643D2242504D4E456467655F53657175656E6365466C6F775F30647673686A64223E0A20202020202020203C6F6D6764693A776179706F696E7420783D223230392E302220793D223132302E30223E3C2F6F6D6764693A776179706F696E743E0A20202020202020203C6F6D6764693A776179706F696E7420783D223236302E302220793D223132302E30223E3C2F6F6D6764693A776179706F696E743E0A2020202020203C2F62706D6E64693A42504D4E456467653E0A2020202020203C62706D6E64693A42504D4E456467652062706D6E456C656D656E743D2253657175656E6365466C6F775F3178696E726878222069643D2242504D4E456467655F53657175656E6365466C6F775F3178696E726878223E0A20202020202020203C6F6D6764693A776179706F696E7420783D223336302E302220793D223132302E30223E3C2F6F6D6764693A776179706F696E743E0A20202020202020203C6F6D6764693A776179706F696E7420783D223432302E302220793D223132302E30223E3C2F6F6D6764693A776179706F696E743E0A2020202020203C2F62706D6E64693A42504D4E456467653E0A2020202020203C62706D6E64693A42504D4E456467652062706D6E456C656D656E743D2253657175656E6365466C6F775F317663336D3473222069643D2242504D4E456467655F53657175656E6365466C6F775F317663336D3473223E0A20202020202020203C6F6D6764693A776179706F696E7420783D223532302E302220793D223132302E30223E3C2F6F6D6764693A776179706F696E743E0A20202020202020203C6F6D6764693A776179706F696E7420783D223538302E302220793D223132302E30223E3C2F6F6D6764693A776179706F696E743E0A2020202020203C2F62706D6E64693A42504D4E456467653E0A2020202020203C62706D6E64693A42504D4E456467652062706D6E456C656D656E743D2253657175656E6365466C6F775F30657662316536222069643D2242504D4E456467655F53657175656E6365466C6F775F30657662316536223E0A20202020202020203C6F6D6764693A776179706F696E7420783D223638302E302220793D223132302E30223E3C2F6F6D6764693A776179706F696E743E0A20202020202020203C6F6D6764693A776179706F696E7420783D223734302E302220793D223132302E30223E3C2F6F6D6764693A776179706F696E743E0A2020202020203C2F62706D6E64693A42504D4E456467653E0A2020202020203C62706D6E64693A42504D4E456467652062706D6E456C656D656E743D2253657175656E6365466C6F775F3164756C646C63222069643D2242504D4E456467655F53657175656E6365466C6F775F3164756C646C63223E0A20202020202020203C6F6D6764693A776179706F696E7420783D223834302E302220793D223132302E30223E3C2F6F6D6764693A776179706F696E743E0A20202020202020203C6F6D6764693A776179706F696E7420783D223930322E302220793D223132302E30223E3C2F6F6D6764693A776179706F696E743E0A2020202020203C2F62706D6E64693A42504D4E456467653E0A202020203C2F62706D6E64693A42504D4E506C616E653E0A20203C2F62706D6E64693A42504D4E4469616772616D3E0A3C2F646566696E6974696F6E733E, 0);
INSERT INTO `act_ge_bytearray` VALUES ('138122793839100215', 1, 'money.money.png', '138122793832960213', 0x89504E470D0A1A0A0000000D49484452000003B4000000AA08060000009DF303D80000121A4944415478DAEDDD5F6C94F59A07701263343126E7C2C4182F8C37C418E3DD89177B62484EBCF078E1262295A9207604FF41448C12E5E02EA0E20A42140DFEDB2531AE0689801AD75D014FB5E95A5DC301165D76514468055ABB752D4AA974DE7D9F09D3BCB4142BD099E9CCE7933CA14CDB29D6EFCCF33EEF9FDF3B6102000000000000000000000000000000000000000000000000000000000000000000000000000000000000000000000000000000000000000000000000000000000000000000000000000000000000000000000000000000000000000000000000000000000000000000000000000000000000000000000000000000000000000000000000000000000000000000000000000000000000000000000000000000000000000000000000000000000000000000000000000000000000000000000000000000000000000000000000000000000000000000000000000000000000000000000000000000000000000000000000000000000000000000000000000000000000000000000000000000000000000000000000000000000000000000000000000000000000C028254972FE9E3D7BF67FF2C927C9962D5B924D9B36A932D7E6CD9B938F3FFEB890D66AF99307F9933FF9933F257F008C5234D3969696A4B3B333397AF4A8AA5075757525CDCDCD85B4B92E973F257FF2277FF2A7E40F8051883DC39A69F534D54D9B361D953F257FF2277FF2A7E40F805188D39C34B3EAA938054AFE94FCC99FFCC99F923F004621DEC035320D55FE94FC29F9933FF903A0661BEAE11F0E247BFE634DF2C5E6C5C58A8FE3314D5043953FF9933F257FF2277F00546D43EDEDE94876FEDBC264FB7B0F9E50F1587C4E23D450E54FFEE44FC99FFCC91F0055D950F77FF1CEB0665AAAF62FDED5083554F9933FF953F2277FF207407536D4FFFACB3F8CD850E3731AA1862A7FF2277F4AFEE44FFE00A8CA86BA73D3DF8FD850E3731AA1862A7FF2277F4AFEE44FFE00D05035541B74F2277FF2277FF2277FF207C0D96AA8B1AAE2480D353EA7116AA8F2277FF2A7E44FFEE40F80AA6CA8BB5B9F1BB1A1C6E734420D55FEE44FFE94FCC99FFC0150950DB5BB6347B2F383BF1B7EBA53FA587C4E23D450E54FFEE44FC99FFCC91F0055D950A3BEF9FCD5610D351ED3043554F9933FF953F2277FF20740F536D4BEBE64F7BFAF1E7EBA53FA587C4E23D450E54FFEE44FC99FFCC91F0055D7507B7B3A92FF695D35E2353CF1B9F81ACD5043953FF9933F257FF2277F00544743EDEB4B0EECFE30F9CF7F7D64C4665AAAF89AF85A7B8B3554F9933FF953F2277FF20740451BEAAFED15B6B75843953FF9933FF9933FF9933F00AAB2A18E66AFF0A9F6166B8C1AAAFCC99FFC29F9933FF903A0220DF5749B69A934460D55FEE44FFE94FCC99FFC01509186AA3454F9933FF953F2277FF2C750F97CFEB2868686E5B7DC72CBF6B47AA74E9D3A90FE9994EAF8DF7BD3AFD995CBE556A77F4EF45B83D3D0DEDE7EF3860D1BFEFAFCF3CF1F59B0604161F6ECD9496363E3E08B6DE6CC99C9030F3C5058B468D1FF2D5BB6EC9F67CC98F13B03ADD250E54FFEE44FC99FFCC91FC3A583E9A2741BFA603AB026D9017694D59D7EDFD24993269DEF3709A79024C9F96D6D6DEF3DF3CC330331B02E5DBA3459BF7E7DB26DDBB6A4A3A3233976EC5852D2DDDD9DECD8B123D9B87163F2DC73CF25E9409B3CF8E0833FE6F3F99B0DB44A43953FF9933F257FF2277F4C98900EA3D3D261B4F73486D893D5E1B4FEECB70A27D1DCDCFC4F2B57AE2CDC73CF3DC9BA75EB9203070E24BF454F4F4FF18DECDE7BEF4DEEBBEFBE1FD317EE1F3454A5A1CA9FFCC99F923FF993BF7A144753D3E1F393931D919D3F7F7E717BBBB5B535D9B76F5F72E4C891E2F6747F7F7FF1EF6D6D6DC5834A0B172E1C69B0DD5ECF6747C2B0A3B26FBEF9665F535353F2C61B6F0CBEA04E571CC58DA3B6D3A74F4FD2E7FC170D5569A8F2277FF2A7E44FFEE4AF9E343636FE7EE851D969D3A6256BD6ACF9CD078DF6EEDD9BBCF2CA2BC5B321870CB547E2E7F86D53D73A3A3AFE66D5AA550373E7CE2DBE58CEA678BEFBEFBF3FAEB5DD53EB7B9034540D55FE94FC29F9933FF933D0865C2EF7A7B44E58E8292EE3EBECEC3CA36DEBB8DC6FF1E2C54387DA63F57456240C1B66E314E33895214E171E0B71B4F789279E48F2F97C572D5FC4AEA16AA8F2A7E44FC99FFCC99F81368E986687D9382ADBDCDC7CC23A3467AAA5A5A5F8BC865AEA5A9C661C476663983DD3538C47730AF2638F3D56485F78FFADA12A0D55FEE44FFE94FCC99FFCD5A23878933DCD38EE0EB26BD7AE31D9BE8E6B6C879C827C24FDD9179B72A81B71CD6C9C66FCE38F3F26E51043F39C39730AB95CEE3D0D5569A8F2277FF2A7E44FFEE4AFD6C40250D923B36335CC6687DAEC2D3563A128530E75A1A5A5E5D55800EA6C5F333B9A6B6AE3453779F2E43F6AA84A43953FF9933F257FF2277F3534CC4ECBAE661CA71997439C7E3CE49A5AB7F4A1B6C5A9C64F3FFD747135E34AD8B061431CA5EDD05095862A7FF2277F4AFEE44FFE6A45F654E35800EA6C5E33FB6B862C1475B896D7AD81096D6D6DEFC57D66C7FABAD9535D4FDBD4D434D0D8D8D8A0A12A0D55FEE44FFE94FCC99FFC8D770D0D0D8BB2A71A9FE96AC6A7B3FA71F67ADA74B85E6AEAA166AD58B162206EE25C49EFBCF3CEB1F485BF4743551AAAFCC99FFC29F9933FF91BEFD221F26069988CFBCC56C26BAFBD963D4ADB6DEAA126B5B7B7DF3C73E6CCDF7C33E7B32D6E1194CBE50AB5746F5A0D5543953F257F4AFEE44FFEEA6FA0CDE7F39765AF9DADD476761C15CE2E10D5D0D030D1F443CDD9B061C35F9F7AEAA9A41A3CFCF0C33FC5E919E3608F5B77FA26758F86AAA1CA9F923FF9933FF953F535D08E2687E9F6ECF2D210397FFEFC8A6E5FC7ED384BFF965C2EB7DAF443CD79F6D967FBD6AF5F5F1503ED9A356BFAC6C3D2E2D95337D237AC3B34540D55FE94FCC99FFCC99FAA9B81F6577318DBB3A5AFABF4657DB19D9F3942BBCBF443CD59B0604161DBB66D5531D06EDDBAB53F7DB1F58EA337B252759D6C4F9D86AAA1CA9F923F257FF2277F353BD08E98C3D89E2D7DBEB5B5B5A2DBD7715FDACCBFB57702D49AD9B36757FCFAD992EFBFFFBE90BE210C8CC337B2C13D75D937340D5543953F257F4AFEE44FFE6A7EA01D96C3D89E2D3DBE6FDFBE8A6E5F77747464573A1E9800B5262E142FE73DB17E4DBCD8C6F11BD9E09EBA38054543D550E54FC99F923FF993BFBA1968077398FD7B7F7F7F45B7ADE3E767FF3DA61F6A4E04BB9A8CE24D62DC94865A5D554BD9923FF9933F257FF2277FE3A3AA6DFBDAF48323B463AB30CE8FD01E8E559A274D9A74FE7838E529FD2716EF4F56FA3856E11BCDF7DC71C71DF610CB9FECC99FFCC99FFCC99F23B423E430FBF89123471CA185B174F7DD7757CD35B4870E1DEA1BA7D7D09ED0484BAAADA17EF3CD37C9F5D75F5FACB7DF7EBBD8206FBAE9A6C18F5F7AE9A5E4D5575F2D7EFCEEBBEF9EF4395E78E185E4F2CB2F4FE6CD9B57FCBE73CF3D3759B162C5B0AFFBFCF3CF8BCFB363C70E0D55FECA92BDAFBFFE3AB9F6DA6B8BCF11D5D2D262834EFECA96BF0F3EF820B9E69A6B06F3178BC0C89FFC95BBF7C66D18E37976EFDE2D7F15CE61F61ADABD7BF7BA8616C6D2430F3D34502DAB1CB7B5B5F58CB3558E7BD33786A5431B69B50EB4B187302ABBC777EDDAB5831F47531DCD5EE21933669CF26B2EBCF0C2C18D3A0D55FECA95BDF8FC9429538A3FE7D65B6F953FF92B7BFE6EBCF1C6E2CF89C516E54FFECADD7B8FFF3FAEBAECD5F8403B620EAD720C65B464C992EFABE53EB42B57AE3C384EEE437BD23DC2D53ED046C55EDB1B6EB861700FEFDCB9738B1F5F7CF1C5837B8B7B7A7A4EF89E38CA7ADD75D7153F7FCE39E724575F7D75F1E3381A36D2A95277DE7967F1B9F6EFDFAFA1CA5F59B217DF1FCD3A3E7EFDF5D70D14F25791F7BEAEAEAEE2735D79E595F2277F65CBDFB7DF7E3B38CCC68E3D036DE57398BD0F6DECC0701F5A18434F3EF9E43F2E5BB6AC2A06DA59B3661D8C37885AF9DD56E340FBD34F3F8DB8A7B8F4F71806B2DFF3FEFBEF171FDFB56BD7098FC78DC22FB9E49293FE9CBBEEBACB402B7F15C9DED0E156FEE4AF5CF98B4122BEFE8A2BAE3050C85FD9F217CF5B7ABE6AECBDF598BF906ECF2E2F0D91B103A292162E5C3838D0E672B9D5A61F6ACE8C19337ED7D4D49474777757F4C5D6D5D5D597BED006E2DFA3A19677718AA14D35FBF75335D5D85B1C65A095BF6ACADE5B6FBD95ECDCB9D340217F15C95FBCE7C5F75C70C105F2277F65C9DF92254B06AF9935D0568F7C3E7F59F63ADB58E7A1123A3B3B93580036738476A2E9879A347FFEFC9E5888A09256AD5AF555FA22DBA3A1566F538D37C2E9D3A7172B4E7B3AEFBCF38AA7161B68E5AF5AB2175F5BADFFDDF2571FEF7D4E7997BF72E76FC2F1538D875635FD0EEA71A00DE9FFBB83A541F2C5175FACC8F675ACA89D19ACBB4D3DD4F25EA49B67CD9A55B165C58FA572B95C7F63636383865AFEA6BA75EBD6532E26119F8B1518873EFED9679F8DB8926234DE93ED59D650E56FACB297DD7912EF65CB972F3750C85FD9F217DF1FABD8964EFF34D0CA5F257A6F69FD8AB8A656FE2A2F2EA32B0D93D3A64D2B1E2D2DA738FBF2B6DB6ECBAE70BCD4D4434D9B3B77EE0F955A1CEAF1C71FFF2A7DA1EDD7502BBB97381A606F6FEFB0EB7E4A475A271CBF1540E9E378A3BCF4D24B8BB71F186995E3A83805544395BFB1CE5E5C5336F408850D3AF92B57FEE2B63D575D75D560F6BEFBEE3BF993BFB2F6DED8A152CADF45175D247FD573947670B5E3C58B17C7419CB26D5FC7CFCBDE5AE8D7165383712F7D63BCFAF6DB6F2FFBBDB2BEFCF2CB1FD2175961F2E4C97FD4502BD354E3B4A6D12CAEF3D1471F2513274E1C7C7CCB962D831FBBB1BBFCC99EFCC99FFCC99FFCC9DF89A64C99F250F65ADAE6E6E6B26C5FC7BDD887DC2BF7CFA61DEA422E977B2B96922FD7A9C73FFFFC735FFA336331A8773554A5A1CA9FFCC99F923FF993BF1A3C4AFB5969B08C059A62D81CEBFBCEC6FDD833C3ECF609504FF2F9FCD78B162D1AF3A1F6D8B163BF343535FD6F4343C3171AAAD250E54FFEE44FC99FFCC95F2D8A537DB3A71EC750DBDADA3A66C36CF6BAD9B48E4C9D3AF562130E75F7A24B07CD038F3EFA6861AC86DA38329B0ECE3D71DD6C2DDDA64743D550E54FC99FFCC99FFC2903ED50E910FBFB74B0ECCF0EB571FAF1D9BCA6368EFC0E39327B2CFD997F30DD50B7436DFA02F872CE9C3985B37D4D6D5C331BA719C791D95A1E6635540D55FE94FCF9FF2E7FF2A70CB425315C6687DAD2425167BAFA712C1436640128C32C94A443E79BE9F05958BB766DA1BFBFFF8C6FCD737C35E342AD5E33ABA16AA8F2A7E44FFEE44FFE9481F654476AB3A71F976EE9B366CD9AE4C08103BF69DB3A06E1B8CFEC90538C4BA7191B66A124563F4E5F14EDD3A74F2FAC5BB7EE97D80BF45B747575F5AD5AB5EAABF4398EC629C6E980FC270D5569A8F2277FF2A7E44FFEE4AF1EC599900D0D0D5B870CA1C57AE491478AB7748A6B6CE32CC9D201A5F8B3A3A3A3788DECC68D1B93850B17164F5B3EC9736C77CD2C8C60CA94297F9BBEF876A52F92C2BC79F37E7EF9E5977FFEF4D34F7F897BED651462804D5F6C3D2B57AE3C386BD6AC83E90B6B20AD6FD3175D43BDFDCE34540D55FE94FC29F9933FF933D08EB06DFDD0D0A3B5675087DD9A074629AE7B3DFE02FC2C1D6E6361A75FB22FA8F4B181E32FCEEDE900BCA8D6AF93D5503554F953F2277FF2277F4AFE4E576C2FA7DBCD074F7390ED4EB7BD97C6515FBF494043D550E54FC99FFCC99FFC29F9AB887C3E7F593ADC3E1B0785E2E0D0F18344C30E1AC51993B95C6E755C16E8B70668A81AAAFC29F9933FF9933F257F0068A81AAAFC29F9933FF9933F65A005D05095862A7FF2277F4AFEE44FFE00D050950D3A257FF2277FF2A7E40F000D5543953F257FF2277FF2A7E40F4043551AAAFCC99FFC29F9933FF9034043551AAAFCC99FFC29F9933FF9034043D550E54FC99FFCC99FFC29F90330D02A0D55FE94FC29F9933FF9034043551AAAFCC99FFC29F9933FF9034043D550E54FC99FFCC99FFC29F9034043D550E54FC99FFCC99FFC29F903D05095862A7FF2277F4AFEE44FFE00D050950D3A257FF2277FF2A7E40F000D5543953F257FF2277FF2A7E40F4043551AAAFCC99FFC29F9933FF9034043551AAAFCC99FFC29F9933FF903E0ECD9B2658B46A6A1CA9F923F257FF2277F008C3F2D2D2D039D9D9D9A5915547B7BFBB769433D2A7F4AFEE44FFEE44FC91F00A3F0E1871F3ED1DCDC5C3874E890A656E166BA79F3E65FD25A2E7F4AFEE44FFEE44FC91F00A394BE892FDAB469D3E138DD4655AC8ED66B33953FF9933FF9933F39903F0000000000000000000000000000000000000000000000000000000000000000002AEAFF01192A128A17C02DEE0000000049454E44AE426082, 1);

-- ----------------------------
-- Table structure for act_ge_property
-- ----------------------------
DROP TABLE IF EXISTS `act_ge_property`;
CREATE TABLE `act_ge_property`  (
  `NAME_` varchar(64) CHARACTER SET utf8 COLLATE utf8_bin NOT NULL,
  `VALUE_` varchar(300) CHARACTER SET utf8 COLLATE utf8_bin NULL DEFAULT NULL,
  `REV_` int(11) NULL DEFAULT NULL,
  PRIMARY KEY (`NAME_`) USING BTREE
) ENGINE = InnoDB CHARACTER SET = utf8 COLLATE = utf8_bin ROW_FORMAT = Dynamic;

-- ----------------------------
-- Records of act_ge_property
-- ----------------------------
INSERT INTO `act_ge_property` VALUES ('cfg.execution-related-entities-count', 'false', 1);
INSERT INTO `act_ge_property` VALUES ('next.dbid', '1', 1);
INSERT INTO `act_ge_property` VALUES ('schema.history', 'create(6.0.0.4)', 1);
INSERT INTO `act_ge_property` VALUES ('schema.version', '6.0.0.4', 1);

-- ----------------------------
-- Table structure for act_hi_actinst
-- ----------------------------
DROP TABLE IF EXISTS `act_hi_actinst`;
CREATE TABLE `act_hi_actinst`  (
  `ID_` varchar(64) CHARACTER SET utf8 COLLATE utf8_bin NOT NULL,
  `PROC_DEF_ID_` varchar(64) CHARACTER SET utf8 COLLATE utf8_bin NOT NULL,
  `PROC_INST_ID_` varchar(64) CHARACTER SET utf8 COLLATE utf8_bin NOT NULL,
  `EXECUTION_ID_` varchar(64) CHARACTER SET utf8 COLLATE utf8_bin NOT NULL,
  `ACT_ID_` varchar(255) CHARACTER SET utf8 COLLATE utf8_bin NOT NULL,
  `TASK_ID_` varchar(64) CHARACTER SET utf8 COLLATE utf8_bin NULL DEFAULT NULL,
  `CALL_PROC_INST_ID_` varchar(64) CHARACTER SET utf8 COLLATE utf8_bin NULL DEFAULT NULL,
  `ACT_NAME_` varchar(255) CHARACTER SET utf8 COLLATE utf8_bin NULL DEFAULT NULL,
  `ACT_TYPE_` varchar(255) CHARACTER SET utf8 COLLATE utf8_bin NOT NULL,
  `ASSIGNEE_` varchar(255) CHARACTER SET utf8 COLLATE utf8_bin NULL DEFAULT NULL,
  `START_TIME_` datetime(3) NOT NULL,
  `END_TIME_` datetime(3) NULL DEFAULT NULL,
  `DURATION_` bigint(20) NULL DEFAULT NULL,
  `DELETE_REASON_` varchar(4000) CHARACTER SET utf8 COLLATE utf8_bin NULL DEFAULT NULL,
  `TENANT_ID_` varchar(255) CHARACTER SET utf8 COLLATE utf8_bin NULL DEFAULT '',
  PRIMARY KEY (`ID_`) USING BTREE,
  INDEX `ACT_IDX_HI_ACT_INST_START`(`START_TIME_`) USING BTREE,
  INDEX `ACT_IDX_HI_ACT_INST_END`(`END_TIME_`) USING BTREE,
  INDEX `ACT_IDX_HI_ACT_INST_PROCINST`(`PROC_INST_ID_`, `ACT_ID_`) USING BTREE,
  INDEX `ACT_IDX_HI_ACT_INST_EXEC`(`EXECUTION_ID_`, `ACT_ID_`) USING BTREE
) ENGINE = InnoDB CHARACTER SET = utf8 COLLATE = utf8_bin ROW_FORMAT = Dynamic;

-- ----------------------------
-- Records of act_hi_actinst
-- ----------------------------
INSERT INTO `act_hi_actinst` VALUES ('138019806064370203', 'vocation:1:138019806002640199', '138019806062670200', '138019806063780202', 'StartEvent_1', NULL, NULL, NULL, 'startEvent', NULL, '2020-02-26 11:30:06.437', '2020-02-26 11:30:06.438', 1, NULL, '');
INSERT INTO `act_hi_actinst` VALUES ('138019806064940204', 'vocation:1:138019806002640199', '138019806062670200', '138019806063780202', 'Task_0ib61dd', '138019806065580205', NULL, '主任审批', 'userTask', '137957801228000182', '2020-02-26 11:30:06.494', '2020-03-03 11:25:10.915', 518104421, NULL, '');
INSERT INTO `act_hi_actinst` VALUES ('138024987109710004', 'vocation:1:138019806002640199', '138019806062670200', '138019806063780202', 'Task_0lfpng3', '138024987110350005', NULL, '领导审批', 'userTask', '137957801228000182', '2020-03-03 11:25:10.971', NULL, NULL, NULL, '');
INSERT INTO `act_hi_actinst` VALUES ('138121740848500134', 'vocation:1:138019806002640199', '138121740846120131', '138121740847680133', 'StartEvent_1', NULL, NULL, NULL, 'startEvent', NULL, '2020-06-23 11:01:24.850', '2020-06-23 11:01:24.855', 5, NULL, '');
INSERT INTO `act_hi_actinst` VALUES ('138121740849340135', 'vocation:1:138019806002640199', '138121740846120131', '138121740847680133', 'Task_0ib61dd', '138121740850560136', NULL, '主任审批', 'userTask', '137957801228000182', '2020-06-23 11:01:24.934', NULL, NULL, NULL, '');
INSERT INTO `act_hi_actinst` VALUES ('138121740945640140', 'vocation:1:138019806002640199', '138121740943020137', '138121740944810139', 'StartEvent_1', NULL, NULL, NULL, 'startEvent', NULL, '2020-06-23 11:01:34.564', '2020-06-23 11:01:34.565', 1, NULL, '');
INSERT INTO `act_hi_actinst` VALUES ('138121740946440141', 'vocation:1:138019806002640199', '138121740943020137', '138121740944810139', 'Task_0ib61dd', '138121740947200142', NULL, '主任审批', 'userTask', '137957801228000182', '2020-06-23 11:01:34.644', '2020-06-23 15:07:46.975', 14772331, NULL, '');
INSERT INTO `act_hi_actinst` VALUES ('138121741042240146', 'vocation:1:138019806002640199', '138121741039550143', '138121741041390145', 'StartEvent_1', NULL, NULL, NULL, 'startEvent', NULL, '2020-06-23 11:01:44.224', '2020-06-23 11:01:44.224', 0, NULL, '');
INSERT INTO `act_hi_actinst` VALUES ('138121741043010147', 'vocation:1:138019806002640199', '138121741039550143', '138121741041390145', 'Task_0ib61dd', '138121741043790148', NULL, '主任审批', 'userTask', NULL, '2020-06-23 11:01:44.301', NULL, NULL, NULL, '');
INSERT INTO `act_hi_actinst` VALUES ('138121888670560225', 'vocation:1:138019806002640199', '138121740943020137', '138121740944810139', 'Task_0lfpng3', '138121888671690226', NULL, '领导审批', 'userTask', '137957801228000182', '2020-06-23 15:07:47.057', NULL, NULL, NULL, '');
INSERT INTO `act_hi_actinst` VALUES ('138122798032570220', 'money:1:138122793839860216', '138122798029770217', '138122798031630219', 'StartEvent_1', NULL, NULL, '开始', 'startEvent', NULL, '2020-06-24 16:23:23.257', '2020-06-24 16:23:23.261', 4, NULL, '');
INSERT INTO `act_hi_actinst` VALUES ('138122798033400221', 'money:1:138122793839860216', '138122798029770217', '138122798031630219', 'Task_1l25nyb', '138122798034530222', NULL, '节点1', 'userTask', '137957801228000182', '2020-06-24 16:23:23.340', NULL, NULL, NULL, '');
INSERT INTO `act_hi_actinst` VALUES ('138122799722790227', 'money:1:138122793839860216', '138122799719940224', '138122799721870226', 'StartEvent_1', NULL, NULL, '开始', 'startEvent', NULL, '2020-06-24 16:26:12.279', '2020-06-24 16:26:12.279', 0, NULL, '');
INSERT INTO `act_hi_actinst` VALUES ('138122799723620228', 'money:1:138122793839860216', '138122799719940224', '138122799721870226', 'Task_1l25nyb', '138122799724430229', NULL, '节点1', 'userTask', NULL, '2020-06-24 16:26:12.362', NULL, NULL, NULL, '');
INSERT INTO `act_hi_actinst` VALUES ('138122799763730233', 'money:1:138122793839860216', '138122799760930230', '138122799762860232', 'StartEvent_1', NULL, NULL, '开始', 'startEvent', NULL, '2020-06-24 16:26:16.373', '2020-06-24 16:26:16.373', 0, NULL, '');
INSERT INTO `act_hi_actinst` VALUES ('138122799764550234', 'money:1:138122793839860216', '138122799760930230', '138122799762860232', 'Task_1l25nyb', '138122799765370235', NULL, '节点1', 'userTask', NULL, '2020-06-24 16:26:16.455', NULL, NULL, NULL, '');
INSERT INTO `act_hi_actinst` VALUES ('138122800441580239', 'money:1:138122793839860216', '138122800438910236', '138122800440740238', 'StartEvent_1', NULL, NULL, '开始', 'startEvent', NULL, '2020-06-24 16:27:24.158', '2020-06-24 16:27:24.158', 0, NULL, '');
INSERT INTO `act_hi_actinst` VALUES ('138122800442330240', 'money:1:138122793839860216', '138122800438910236', '138122800440740238', 'Task_1l25nyb', '138122800443130241', NULL, '节点1', 'userTask', NULL, '2020-06-24 16:27:24.233', NULL, NULL, NULL, '');
INSERT INTO `act_hi_actinst` VALUES ('138122800488240245', 'money:1:138122793839860216', '138122800485510242', '138122800487440244', 'StartEvent_1', NULL, NULL, '开始', 'startEvent', NULL, '2020-06-24 16:27:28.824', '2020-06-24 16:27:28.824', 0, NULL, '');
INSERT INTO `act_hi_actinst` VALUES ('138122800489030246', 'money:1:138122793839860216', '138122800485510242', '138122800487440244', 'Task_1l25nyb', '138122800489850247', NULL, '节点1', 'userTask', NULL, '2020-06-24 16:27:28.903', NULL, NULL, NULL, '');
INSERT INTO `act_hi_actinst` VALUES ('138122800532700251', 'money:1:138122793839860216', '138122800530010248', '138122800531860250', 'StartEvent_1', NULL, NULL, '开始', 'startEvent', NULL, '2020-06-24 16:27:33.270', '2020-06-24 16:27:33.271', 1, NULL, '');
INSERT INTO `act_hi_actinst` VALUES ('138122800533510252', 'money:1:138122793839860216', '138122800530010248', '138122800531860250', 'Task_1l25nyb', '138122800534300253', NULL, '节点1', 'userTask', NULL, '2020-06-24 16:27:33.351', NULL, NULL, NULL, '');
INSERT INTO `act_hi_actinst` VALUES ('138122800567050001', 'money:1:138122793839860216', '138122800564380254', '138122800566200000', 'StartEvent_1', NULL, NULL, '开始', 'startEvent', NULL, '2020-06-24 16:27:36.705', '2020-06-24 16:27:36.705', 0, NULL, '');
INSERT INTO `act_hi_actinst` VALUES ('138122800567860002', 'money:1:138122793839860216', '138122800564380254', '138122800566200000', 'Task_1l25nyb', '138122800568660003', NULL, '节点1', 'userTask', NULL, '2020-06-24 16:27:36.786', NULL, NULL, NULL, '');
INSERT INTO `act_hi_actinst` VALUES ('138122800610300007', 'money:1:138122793839860216', '138122800607660004', '138122800609450006', 'StartEvent_1', NULL, NULL, '开始', 'startEvent', NULL, '2020-06-24 16:27:41.030', '2020-06-24 16:27:41.030', 0, NULL, '');
INSERT INTO `act_hi_actinst` VALUES ('138122800611080008', 'money:1:138122793839860216', '138122800607660004', '138122800609450006', 'Task_1l25nyb', '138122800611880009', NULL, '节点1', 'userTask', NULL, '2020-06-24 16:27:41.108', NULL, NULL, NULL, '');
INSERT INTO `act_hi_actinst` VALUES ('138122800703080013', 'money:1:138122793839860216', '138122800700350010', '138122800702190012', 'StartEvent_1', NULL, NULL, '开始', 'startEvent', NULL, '2020-06-24 16:27:50.308', '2020-06-24 16:27:50.308', 0, NULL, '');
INSERT INTO `act_hi_actinst` VALUES ('138122800703930014', 'money:1:138122793839860216', '138122800700350010', '138122800702190012', 'Task_1l25nyb', '138122800704780015', NULL, '节点1', 'userTask', NULL, '2020-06-24 16:27:50.393', NULL, NULL, NULL, '');

-- ----------------------------
-- Table structure for act_hi_attachment
-- ----------------------------
DROP TABLE IF EXISTS `act_hi_attachment`;
CREATE TABLE `act_hi_attachment`  (
  `ID_` varchar(64) CHARACTER SET utf8 COLLATE utf8_bin NOT NULL,
  `REV_` int(11) NULL DEFAULT NULL,
  `USER_ID_` varchar(255) CHARACTER SET utf8 COLLATE utf8_bin NULL DEFAULT NULL,
  `NAME_` varchar(255) CHARACTER SET utf8 COLLATE utf8_bin NULL DEFAULT NULL,
  `DESCRIPTION_` varchar(4000) CHARACTER SET utf8 COLLATE utf8_bin NULL DEFAULT NULL,
  `TYPE_` varchar(255) CHARACTER SET utf8 COLLATE utf8_bin NULL DEFAULT NULL,
  `TASK_ID_` varchar(64) CHARACTER SET utf8 COLLATE utf8_bin NULL DEFAULT NULL,
  `PROC_INST_ID_` varchar(64) CHARACTER SET utf8 COLLATE utf8_bin NULL DEFAULT NULL,
  `URL_` varchar(4000) CHARACTER SET utf8 COLLATE utf8_bin NULL DEFAULT NULL,
  `CONTENT_ID_` varchar(64) CHARACTER SET utf8 COLLATE utf8_bin NULL DEFAULT NULL,
  `TIME_` datetime(3) NULL DEFAULT NULL,
  PRIMARY KEY (`ID_`) USING BTREE
) ENGINE = InnoDB CHARACTER SET = utf8 COLLATE = utf8_bin ROW_FORMAT = Dynamic;

-- ----------------------------
-- Records of act_hi_attachment
-- ----------------------------

-- ----------------------------
-- Table structure for act_hi_comment
-- ----------------------------
DROP TABLE IF EXISTS `act_hi_comment`;
CREATE TABLE `act_hi_comment`  (
  `ID_` varchar(64) CHARACTER SET utf8 COLLATE utf8_bin NOT NULL,
  `TYPE_` varchar(255) CHARACTER SET utf8 COLLATE utf8_bin NULL DEFAULT NULL,
  `TIME_` datetime(3) NOT NULL,
  `USER_ID_` varchar(255) CHARACTER SET utf8 COLLATE utf8_bin NULL DEFAULT NULL,
  `TASK_ID_` varchar(64) CHARACTER SET utf8 COLLATE utf8_bin NULL DEFAULT NULL,
  `PROC_INST_ID_` varchar(64) CHARACTER SET utf8 COLLATE utf8_bin NULL DEFAULT NULL,
  `ACTION_` varchar(255) CHARACTER SET utf8 COLLATE utf8_bin NULL DEFAULT NULL,
  `MESSAGE_` varchar(4000) CHARACTER SET utf8 COLLATE utf8_bin NULL DEFAULT NULL,
  `FULL_MSG_` longblob NULL,
  PRIMARY KEY (`ID_`) USING BTREE
) ENGINE = InnoDB CHARACTER SET = utf8 COLLATE = utf8_bin ROW_FORMAT = Dynamic;

-- ----------------------------
-- Records of act_hi_comment
-- ----------------------------
INSERT INTO `act_hi_comment` VALUES ('138024987108900003', 'event', '2020-03-03 11:25:10.833', NULL, '138019806065580205', NULL, 'AddUserLink', '137957801228000182_|_assignee', NULL);
INSERT INTO `act_hi_comment` VALUES ('138121888669490224', 'event', '2020-06-23 15:07:46.858', NULL, '138121740947200142', NULL, 'AddUserLink', '137957801228000182_|_assignee', NULL);
INSERT INTO `act_hi_comment` VALUES ('138122784826840209', 'event', '2020-06-24 16:01:22.594', NULL, '138024987110350005', NULL, 'AddUserLink', '137957801228000182_|_assignee', NULL);
INSERT INTO `act_hi_comment` VALUES ('138122799353170223', 'event', '2020-06-24 16:25:35.234', NULL, '138122798034530222', NULL, 'AddUserLink', '137957801228000182_|_assignee', NULL);

-- ----------------------------
-- Table structure for act_hi_detail
-- ----------------------------
DROP TABLE IF EXISTS `act_hi_detail`;
CREATE TABLE `act_hi_detail`  (
  `ID_` varchar(64) CHARACTER SET utf8 COLLATE utf8_bin NOT NULL,
  `TYPE_` varchar(255) CHARACTER SET utf8 COLLATE utf8_bin NOT NULL,
  `PROC_INST_ID_` varchar(64) CHARACTER SET utf8 COLLATE utf8_bin NULL DEFAULT NULL,
  `EXECUTION_ID_` varchar(64) CHARACTER SET utf8 COLLATE utf8_bin NULL DEFAULT NULL,
  `TASK_ID_` varchar(64) CHARACTER SET utf8 COLLATE utf8_bin NULL DEFAULT NULL,
  `ACT_INST_ID_` varchar(64) CHARACTER SET utf8 COLLATE utf8_bin NULL DEFAULT NULL,
  `NAME_` varchar(255) CHARACTER SET utf8 COLLATE utf8_bin NOT NULL,
  `VAR_TYPE_` varchar(255) CHARACTER SET utf8 COLLATE utf8_bin NULL DEFAULT NULL,
  `REV_` int(11) NULL DEFAULT NULL,
  `TIME_` datetime(3) NOT NULL,
  `BYTEARRAY_ID_` varchar(64) CHARACTER SET utf8 COLLATE utf8_bin NULL DEFAULT NULL,
  `DOUBLE_` double NULL DEFAULT NULL,
  `LONG_` bigint(20) NULL DEFAULT NULL,
  `TEXT_` varchar(4000) CHARACTER SET utf8 COLLATE utf8_bin NULL DEFAULT NULL,
  `TEXT2_` varchar(4000) CHARACTER SET utf8 COLLATE utf8_bin NULL DEFAULT NULL,
  PRIMARY KEY (`ID_`) USING BTREE,
  INDEX `ACT_IDX_HI_DETAIL_PROC_INST`(`PROC_INST_ID_`) USING BTREE,
  INDEX `ACT_IDX_HI_DETAIL_ACT_INST`(`ACT_INST_ID_`) USING BTREE,
  INDEX `ACT_IDX_HI_DETAIL_TIME`(`TIME_`) USING BTREE,
  INDEX `ACT_IDX_HI_DETAIL_NAME`(`NAME_`) USING BTREE,
  INDEX `ACT_IDX_HI_DETAIL_TASK_ID`(`TASK_ID_`) USING BTREE
) ENGINE = InnoDB CHARACTER SET = utf8 COLLATE = utf8_bin ROW_FORMAT = Dynamic;

-- ----------------------------
-- Records of act_hi_detail
-- ----------------------------

-- ----------------------------
-- Table structure for act_hi_identitylink
-- ----------------------------
DROP TABLE IF EXISTS `act_hi_identitylink`;
CREATE TABLE `act_hi_identitylink`  (
  `ID_` varchar(64) CHARACTER SET utf8 COLLATE utf8_bin NOT NULL,
  `GROUP_ID_` varchar(255) CHARACTER SET utf8 COLLATE utf8_bin NULL DEFAULT NULL,
  `TYPE_` varchar(255) CHARACTER SET utf8 COLLATE utf8_bin NULL DEFAULT NULL,
  `USER_ID_` varchar(255) CHARACTER SET utf8 COLLATE utf8_bin NULL DEFAULT NULL,
  `TASK_ID_` varchar(64) CHARACTER SET utf8 COLLATE utf8_bin NULL DEFAULT NULL,
  `PROC_INST_ID_` varchar(64) CHARACTER SET utf8 COLLATE utf8_bin NULL DEFAULT NULL,
  PRIMARY KEY (`ID_`) USING BTREE,
  INDEX `ACT_IDX_HI_IDENT_LNK_USER`(`USER_ID_`) USING BTREE,
  INDEX `ACT_IDX_HI_IDENT_LNK_TASK`(`TASK_ID_`) USING BTREE,
  INDEX `ACT_IDX_HI_IDENT_LNK_PROCINST`(`PROC_INST_ID_`) USING BTREE
) ENGINE = InnoDB CHARACTER SET = utf8 COLLATE = utf8_bin ROW_FORMAT = Dynamic;

-- ----------------------------
-- Records of act_hi_identitylink
-- ----------------------------
INSERT INTO `act_hi_identitylink` VALUES ('138019806063220201', NULL, 'starter', '137957801228000182', NULL, '138019806062670200');
INSERT INTO `act_hi_identitylink` VALUES ('138121740846880132', NULL, 'starter', '137957801228000182', NULL, '138121740846120131');
INSERT INTO `act_hi_identitylink` VALUES ('138121740943920138', NULL, 'starter', '137957801228000182', NULL, '138121740943020137');
INSERT INTO `act_hi_identitylink` VALUES ('138121741040470144', NULL, 'starter', '137957801228000182', NULL, '138121741039550143');
INSERT INTO `act_hi_identitylink` VALUES ('138122798030690218', NULL, 'starter', '137957801228000182', NULL, '138122798029770217');
INSERT INTO `act_hi_identitylink` VALUES ('138122799720920225', NULL, 'starter', '137957801228000182', NULL, '138122799719940224');
INSERT INTO `act_hi_identitylink` VALUES ('138122799761870231', NULL, 'starter', '137957801228000182', NULL, '138122799760930230');
INSERT INTO `act_hi_identitylink` VALUES ('138122800439820237', NULL, 'starter', '137957801228000182', NULL, '138122800438910236');
INSERT INTO `act_hi_identitylink` VALUES ('138122800486510243', NULL, 'starter', '137957801228000182', NULL, '138122800485510242');
INSERT INTO `act_hi_identitylink` VALUES ('138122800530970249', NULL, 'starter', '137957801228000182', NULL, '138122800530010248');
INSERT INTO `act_hi_identitylink` VALUES ('138122800565290255', NULL, 'starter', '137957801228000182', NULL, '138122800564380254');
INSERT INTO `act_hi_identitylink` VALUES ('138122800608540005', NULL, 'starter', '137957801228000182', NULL, '138122800607660004');
INSERT INTO `act_hi_identitylink` VALUES ('138122800701280011', NULL, 'starter', '137957801228000182', NULL, '138122800700350010');

-- ----------------------------
-- Table structure for act_hi_procinst
-- ----------------------------
DROP TABLE IF EXISTS `act_hi_procinst`;
CREATE TABLE `act_hi_procinst`  (
  `ID_` varchar(64) CHARACTER SET utf8 COLLATE utf8_bin NOT NULL,
  `PROC_INST_ID_` varchar(64) CHARACTER SET utf8 COLLATE utf8_bin NOT NULL,
  `BUSINESS_KEY_` varchar(255) CHARACTER SET utf8 COLLATE utf8_bin NULL DEFAULT NULL,
  `PROC_DEF_ID_` varchar(64) CHARACTER SET utf8 COLLATE utf8_bin NOT NULL,
  `START_TIME_` datetime(3) NOT NULL,
  `END_TIME_` datetime(3) NULL DEFAULT NULL,
  `DURATION_` bigint(20) NULL DEFAULT NULL,
  `START_USER_ID_` varchar(255) CHARACTER SET utf8 COLLATE utf8_bin NULL DEFAULT NULL,
  `START_ACT_ID_` varchar(255) CHARACTER SET utf8 COLLATE utf8_bin NULL DEFAULT NULL,
  `END_ACT_ID_` varchar(255) CHARACTER SET utf8 COLLATE utf8_bin NULL DEFAULT NULL,
  `SUPER_PROCESS_INSTANCE_ID_` varchar(64) CHARACTER SET utf8 COLLATE utf8_bin NULL DEFAULT NULL,
  `DELETE_REASON_` varchar(4000) CHARACTER SET utf8 COLLATE utf8_bin NULL DEFAULT NULL,
  `TENANT_ID_` varchar(255) CHARACTER SET utf8 COLLATE utf8_bin NULL DEFAULT '',
  `NAME_` varchar(255) CHARACTER SET utf8 COLLATE utf8_bin NULL DEFAULT NULL,
  PRIMARY KEY (`ID_`) USING BTREE,
  UNIQUE INDEX `PROC_INST_ID_`(`PROC_INST_ID_`) USING BTREE,
  INDEX `ACT_IDX_HI_PRO_INST_END`(`END_TIME_`) USING BTREE,
  INDEX `ACT_IDX_HI_PRO_I_BUSKEY`(`BUSINESS_KEY_`) USING BTREE
) ENGINE = InnoDB CHARACTER SET = utf8 COLLATE = utf8_bin ROW_FORMAT = Dynamic;

-- ----------------------------
-- Records of act_hi_procinst
-- ----------------------------
INSERT INTO `act_hi_procinst` VALUES ('138019806062670200', '138019806062670200', '', 'vocation:1:138019806002640199', '2020-02-26 11:30:06.210', NULL, NULL, '137957801228000182', 'StartEvent_1', NULL, NULL, NULL, '', '请假流程测试');
INSERT INTO `act_hi_procinst` VALUES ('138121740846120131', '138121740846120131', '', 'vocation:1:138019806002640199', '2020-06-23 11:01:24.511', NULL, NULL, '137957801228000182', 'StartEvent_1', NULL, NULL, NULL, '', '请假流程测试');
INSERT INTO `act_hi_procinst` VALUES ('138121740943020137', '138121740943020137', '', 'vocation:1:138019806002640199', '2020-06-23 11:01:34.210', NULL, NULL, '137957801228000182', 'StartEvent_1', NULL, NULL, NULL, '', '请假流程测试');
INSERT INTO `act_hi_procinst` VALUES ('138121741039550143', '138121741039550143', '', 'vocation:1:138019806002640199', '2020-06-23 11:01:43.859', NULL, NULL, '137957801228000182', 'StartEvent_1', NULL, NULL, NULL, '', '请假流程测试');
INSERT INTO `act_hi_procinst` VALUES ('138122798029770217', '138122798029770217', '', 'money:1:138122793839860216', '2020-06-24 16:23:22.887', NULL, NULL, '137957801228000182', 'StartEvent_1', NULL, NULL, NULL, '', '财务报销');
INSERT INTO `act_hi_procinst` VALUES ('138122799719940224', '138122799719940224', '', 'money:1:138122793839860216', '2020-06-24 16:26:11.903', NULL, NULL, '137957801228000182', 'StartEvent_1', NULL, NULL, NULL, '', '财务报销');
INSERT INTO `act_hi_procinst` VALUES ('138122799760930230', '138122799760930230', '', 'money:1:138122793839860216', '2020-06-24 16:26:16.000', NULL, NULL, '137957801228000182', 'StartEvent_1', NULL, NULL, NULL, '', '财务报销');
INSERT INTO `act_hi_procinst` VALUES ('138122800438910236', '138122800438910236', '', 'money:1:138122793839860216', '2020-06-24 16:27:23.799', NULL, NULL, '137957801228000182', 'StartEvent_1', NULL, NULL, NULL, '', '财务报销');
INSERT INTO `act_hi_procinst` VALUES ('138122800485510242', '138122800485510242', '', 'money:1:138122793839860216', '2020-06-24 16:27:28.446', NULL, NULL, '137957801228000182', 'StartEvent_1', NULL, NULL, NULL, '', '财务报销');
INSERT INTO `act_hi_procinst` VALUES ('138122800530010248', '138122800530010248', '', 'money:1:138122793839860216', '2020-06-24 16:27:32.908', NULL, NULL, '137957801228000182', 'StartEvent_1', NULL, NULL, NULL, '', '财务报销');
INSERT INTO `act_hi_procinst` VALUES ('138122800564380254', '138122800564380254', '', 'money:1:138122793839860216', '2020-06-24 16:27:36.349', NULL, NULL, '137957801228000182', 'StartEvent_1', NULL, NULL, NULL, '', '财务报销');
INSERT INTO `act_hi_procinst` VALUES ('138122800607660004', '138122800607660004', '', 'money:1:138122793839860216', '2020-06-24 16:27:40.673', NULL, NULL, '137957801228000182', 'StartEvent_1', NULL, NULL, NULL, '', '财务报销');
INSERT INTO `act_hi_procinst` VALUES ('138122800700350010', '138122800700350010', '', 'money:1:138122793839860216', '2020-06-24 16:27:49.940', NULL, NULL, '137957801228000182', 'StartEvent_1', NULL, NULL, NULL, '', '财务报销');

-- ----------------------------
-- Table structure for act_hi_taskinst
-- ----------------------------
DROP TABLE IF EXISTS `act_hi_taskinst`;
CREATE TABLE `act_hi_taskinst`  (
  `ID_` varchar(64) CHARACTER SET utf8 COLLATE utf8_bin NOT NULL,
  `PROC_DEF_ID_` varchar(64) CHARACTER SET utf8 COLLATE utf8_bin NULL DEFAULT NULL,
  `TASK_DEF_KEY_` varchar(255) CHARACTER SET utf8 COLLATE utf8_bin NULL DEFAULT NULL,
  `PROC_INST_ID_` varchar(64) CHARACTER SET utf8 COLLATE utf8_bin NULL DEFAULT NULL,
  `EXECUTION_ID_` varchar(64) CHARACTER SET utf8 COLLATE utf8_bin NULL DEFAULT NULL,
  `NAME_` varchar(255) CHARACTER SET utf8 COLLATE utf8_bin NULL DEFAULT NULL,
  `PARENT_TASK_ID_` varchar(64) CHARACTER SET utf8 COLLATE utf8_bin NULL DEFAULT NULL,
  `DESCRIPTION_` varchar(4000) CHARACTER SET utf8 COLLATE utf8_bin NULL DEFAULT NULL,
  `OWNER_` varchar(255) CHARACTER SET utf8 COLLATE utf8_bin NULL DEFAULT NULL,
  `ASSIGNEE_` varchar(255) CHARACTER SET utf8 COLLATE utf8_bin NULL DEFAULT NULL,
  `START_TIME_` datetime(3) NOT NULL,
  `CLAIM_TIME_` datetime(3) NULL DEFAULT NULL,
  `END_TIME_` datetime(3) NULL DEFAULT NULL,
  `DURATION_` bigint(20) NULL DEFAULT NULL,
  `DELETE_REASON_` varchar(4000) CHARACTER SET utf8 COLLATE utf8_bin NULL DEFAULT NULL,
  `PRIORITY_` int(11) NULL DEFAULT NULL,
  `DUE_DATE_` datetime(3) NULL DEFAULT NULL,
  `FORM_KEY_` varchar(255) CHARACTER SET utf8 COLLATE utf8_bin NULL DEFAULT NULL,
  `CATEGORY_` varchar(255) CHARACTER SET utf8 COLLATE utf8_bin NULL DEFAULT NULL,
  `TENANT_ID_` varchar(255) CHARACTER SET utf8 COLLATE utf8_bin NULL DEFAULT '',
  PRIMARY KEY (`ID_`) USING BTREE,
  INDEX `ACT_IDX_HI_TASK_INST_PROCINST`(`PROC_INST_ID_`) USING BTREE
) ENGINE = InnoDB CHARACTER SET = utf8 COLLATE = utf8_bin ROW_FORMAT = Dynamic;

-- ----------------------------
-- Records of act_hi_taskinst
-- ----------------------------
INSERT INTO `act_hi_taskinst` VALUES ('138019806065580205', 'vocation:1:138019806002640199', 'Task_0ib61dd', '138019806062670200', '138019806063780202', '主任审批', NULL, NULL, NULL, '137957801228000182', '2020-02-26 11:30:06.558', '2020-03-03 11:25:09.336', '2020-03-03 11:25:10.910', 518104352, NULL, 50, NULL, NULL, NULL, '');
INSERT INTO `act_hi_taskinst` VALUES ('138024987110350005', 'vocation:1:138019806002640199', 'Task_0lfpng3', '138019806062670200', '138019806063780202', '领导审批', NULL, NULL, NULL, '137957801228000182', '2020-03-03 11:25:11.035', '2020-06-24 16:01:12.692', '2020-06-24 15:09:13.000', NULL, NULL, 50, NULL, NULL, NULL, '');
INSERT INTO `act_hi_taskinst` VALUES ('138121740850560136', 'vocation:1:138019806002640199', 'Task_0ib61dd', '138121740846120131', '138121740847680133', '主任审批', NULL, NULL, NULL, '137957801228000182', '2020-06-23 11:01:25.057', '2020-06-23 16:59:01.761', NULL, NULL, NULL, 50, NULL, NULL, NULL, '');
INSERT INTO `act_hi_taskinst` VALUES ('138121740947200142', 'vocation:1:138019806002640199', 'Task_0ib61dd', '138121740943020137', '138121740944810139', '主任审批', NULL, NULL, NULL, '137957801228000182', '2020-06-23 11:01:34.720', NULL, '2020-06-23 15:07:46.967', 14772247, NULL, 50, NULL, NULL, NULL, '');
INSERT INTO `act_hi_taskinst` VALUES ('138121741043790148', 'vocation:1:138019806002640199', 'Task_0ib61dd', '138121741039550143', '138121741041390145', '主任审批', NULL, NULL, NULL, NULL, '2020-06-23 11:01:44.379', NULL, NULL, NULL, NULL, 50, NULL, NULL, NULL, '');
INSERT INTO `act_hi_taskinst` VALUES ('138121888671690226', 'vocation:1:138019806002640199', 'Task_0lfpng3', '138121740943020137', '138121740944810139', '领导审批', NULL, NULL, NULL, '137957801228000182', '2020-06-23 15:07:47.169', '2020-06-23 16:59:00.783', NULL, NULL, NULL, 50, NULL, NULL, NULL, '');
INSERT INTO `act_hi_taskinst` VALUES ('138122798034530222', 'money:1:138122793839860216', 'Task_1l25nyb', '138122798029770217', '138122798031630219', '节点1', NULL, NULL, NULL, '137957801228000182', '2020-06-24 16:23:23.453', '2020-06-24 16:25:31.472', NULL, NULL, NULL, 50, NULL, NULL, NULL, '');
INSERT INTO `act_hi_taskinst` VALUES ('138122799724430229', 'money:1:138122793839860216', 'Task_1l25nyb', '138122799719940224', '138122799721870226', '节点1', NULL, NULL, NULL, NULL, '2020-06-24 16:26:12.443', NULL, NULL, NULL, NULL, 50, NULL, NULL, NULL, '');
INSERT INTO `act_hi_taskinst` VALUES ('138122799765370235', 'money:1:138122793839860216', 'Task_1l25nyb', '138122799760930230', '138122799762860232', '节点1', NULL, NULL, NULL, NULL, '2020-06-24 16:26:16.537', NULL, NULL, NULL, NULL, 50, NULL, NULL, NULL, '');
INSERT INTO `act_hi_taskinst` VALUES ('138122800443130241', 'money:1:138122793839860216', 'Task_1l25nyb', '138122800438910236', '138122800440740238', '节点1', NULL, NULL, NULL, NULL, '2020-06-24 16:27:24.313', NULL, NULL, NULL, NULL, 50, NULL, NULL, NULL, '');
INSERT INTO `act_hi_taskinst` VALUES ('138122800489850247', 'money:1:138122793839860216', 'Task_1l25nyb', '138122800485510242', '138122800487440244', '节点1', NULL, NULL, NULL, NULL, '2020-06-24 16:27:28.985', NULL, NULL, NULL, NULL, 50, NULL, NULL, NULL, '');
INSERT INTO `act_hi_taskinst` VALUES ('138122800534300253', 'money:1:138122793839860216', 'Task_1l25nyb', '138122800530010248', '138122800531860250', '节点1', NULL, NULL, NULL, NULL, '2020-06-24 16:27:33.430', NULL, NULL, NULL, NULL, 50, NULL, NULL, NULL, '');
INSERT INTO `act_hi_taskinst` VALUES ('138122800568660003', 'money:1:138122793839860216', 'Task_1l25nyb', '138122800564380254', '138122800566200000', '节点1', NULL, NULL, NULL, NULL, '2020-06-24 16:27:36.866', NULL, NULL, NULL, NULL, 50, NULL, NULL, NULL, '');
INSERT INTO `act_hi_taskinst` VALUES ('138122800611880009', 'money:1:138122793839860216', 'Task_1l25nyb', '138122800607660004', '138122800609450006', '节点1', NULL, NULL, NULL, NULL, '2020-06-24 16:27:41.189', NULL, NULL, NULL, NULL, 50, NULL, NULL, NULL, '');
INSERT INTO `act_hi_taskinst` VALUES ('138122800704780015', 'money:1:138122793839860216', 'Task_1l25nyb', '138122800700350010', '138122800702190012', '节点1', NULL, NULL, NULL, NULL, '2020-06-24 16:27:50.478', NULL, NULL, NULL, NULL, 50, NULL, NULL, NULL, '');

-- ----------------------------
-- Table structure for act_hi_varinst
-- ----------------------------
DROP TABLE IF EXISTS `act_hi_varinst`;
CREATE TABLE `act_hi_varinst`  (
  `ID_` varchar(64) CHARACTER SET utf8 COLLATE utf8_bin NOT NULL,
  `PROC_INST_ID_` varchar(64) CHARACTER SET utf8 COLLATE utf8_bin NULL DEFAULT NULL,
  `EXECUTION_ID_` varchar(64) CHARACTER SET utf8 COLLATE utf8_bin NULL DEFAULT NULL,
  `TASK_ID_` varchar(64) CHARACTER SET utf8 COLLATE utf8_bin NULL DEFAULT NULL,
  `NAME_` varchar(255) CHARACTER SET utf8 COLLATE utf8_bin NOT NULL,
  `VAR_TYPE_` varchar(100) CHARACTER SET utf8 COLLATE utf8_bin NULL DEFAULT NULL,
  `REV_` int(11) NULL DEFAULT NULL,
  `BYTEARRAY_ID_` varchar(64) CHARACTER SET utf8 COLLATE utf8_bin NULL DEFAULT NULL,
  `DOUBLE_` double NULL DEFAULT NULL,
  `LONG_` bigint(20) NULL DEFAULT NULL,
  `TEXT_` varchar(4000) CHARACTER SET utf8 COLLATE utf8_bin NULL DEFAULT NULL,
  `TEXT2_` varchar(4000) CHARACTER SET utf8 COLLATE utf8_bin NULL DEFAULT NULL,
  `CREATE_TIME_` datetime(3) NULL DEFAULT NULL,
  `LAST_UPDATED_TIME_` datetime(3) NULL DEFAULT NULL,
  PRIMARY KEY (`ID_`) USING BTREE,
  INDEX `ACT_IDX_HI_PROCVAR_PROC_INST`(`PROC_INST_ID_`) USING BTREE,
  INDEX `ACT_IDX_HI_PROCVAR_NAME_TYPE`(`NAME_`, `VAR_TYPE_`) USING BTREE,
  INDEX `ACT_IDX_HI_PROCVAR_TASK_ID`(`TASK_ID_`) USING BTREE
) ENGINE = InnoDB CHARACTER SET = utf8 COLLATE = utf8_bin ROW_FORMAT = Dynamic;

-- ----------------------------
-- Records of act_hi_varinst
-- ----------------------------

-- ----------------------------
-- Table structure for act_procdef_info
-- ----------------------------
DROP TABLE IF EXISTS `act_procdef_info`;
CREATE TABLE `act_procdef_info`  (
  `ID_` varchar(64) CHARACTER SET utf8 COLLATE utf8_bin NOT NULL,
  `PROC_DEF_ID_` varchar(64) CHARACTER SET utf8 COLLATE utf8_bin NOT NULL,
  `REV_` int(11) NULL DEFAULT NULL,
  `INFO_JSON_ID_` varchar(64) CHARACTER SET utf8 COLLATE utf8_bin NULL DEFAULT NULL,
  PRIMARY KEY (`ID_`) USING BTREE,
  UNIQUE INDEX `ACT_UNIQ_INFO_PROCDEF`(`PROC_DEF_ID_`) USING BTREE,
  INDEX `ACT_IDX_INFO_PROCDEF`(`PROC_DEF_ID_`) USING BTREE,
  INDEX `ACT_FK_INFO_JSON_BA`(`INFO_JSON_ID_`) USING BTREE,
  CONSTRAINT `ACT_FK_INFO_JSON_BA` FOREIGN KEY (`INFO_JSON_ID_`) REFERENCES `act_ge_bytearray` (`ID_`) ON DELETE RESTRICT ON UPDATE RESTRICT,
  CONSTRAINT `ACT_FK_INFO_PROCDEF` FOREIGN KEY (`PROC_DEF_ID_`) REFERENCES `act_re_procdef` (`ID_`) ON DELETE RESTRICT ON UPDATE RESTRICT
) ENGINE = InnoDB CHARACTER SET = utf8 COLLATE = utf8_bin ROW_FORMAT = Dynamic;

-- ----------------------------
-- Records of act_procdef_info
-- ----------------------------

-- ----------------------------
-- Table structure for act_re_deployment
-- ----------------------------
DROP TABLE IF EXISTS `act_re_deployment`;
CREATE TABLE `act_re_deployment`  (
  `ID_` varchar(64) CHARACTER SET utf8 COLLATE utf8_bin NOT NULL,
  `NAME_` varchar(255) CHARACTER SET utf8 COLLATE utf8_bin NULL DEFAULT NULL,
  `CATEGORY_` varchar(255) CHARACTER SET utf8 COLLATE utf8_bin NULL DEFAULT NULL,
  `KEY_` varchar(255) CHARACTER SET utf8 COLLATE utf8_bin NULL DEFAULT NULL,
  `TENANT_ID_` varchar(255) CHARACTER SET utf8 COLLATE utf8_bin NULL DEFAULT '',
  `DEPLOY_TIME_` timestamp(3) NULL DEFAULT NULL,
  `ENGINE_VERSION_` varchar(255) CHARACTER SET utf8 COLLATE utf8_bin NULL DEFAULT NULL,
  PRIMARY KEY (`ID_`) USING BTREE
) ENGINE = InnoDB CHARACTER SET = utf8 COLLATE = utf8_bin ROW_FORMAT = Dynamic;

-- ----------------------------
-- Records of act_re_deployment
-- ----------------------------
INSERT INTO `act_re_deployment` VALUES ('138019805999660196', '请假流程测试', 'apply holiday', 'vocation', '', '2020-02-26 11:29:59.910', NULL);
INSERT INTO `act_re_deployment` VALUES ('138122793832960213', '财务报销', 'bx', 'money', '', '2020-06-24 16:16:23.215', NULL);

-- ----------------------------
-- Table structure for act_re_model
-- ----------------------------
DROP TABLE IF EXISTS `act_re_model`;
CREATE TABLE `act_re_model`  (
  `ID_` varchar(64) CHARACTER SET utf8 COLLATE utf8_bin NOT NULL,
  `REV_` int(11) NULL DEFAULT NULL,
  `NAME_` varchar(255) CHARACTER SET utf8 COLLATE utf8_bin NULL DEFAULT NULL,
  `KEY_` varchar(255) CHARACTER SET utf8 COLLATE utf8_bin NULL DEFAULT NULL,
  `CATEGORY_` varchar(255) CHARACTER SET utf8 COLLATE utf8_bin NULL DEFAULT NULL,
  `CREATE_TIME_` timestamp(3) NULL DEFAULT NULL,
  `LAST_UPDATE_TIME_` timestamp(3) NULL DEFAULT NULL,
  `VERSION_` int(11) NULL DEFAULT NULL,
  `META_INFO_` varchar(4000) CHARACTER SET utf8 COLLATE utf8_bin NULL DEFAULT NULL,
  `DEPLOYMENT_ID_` varchar(64) CHARACTER SET utf8 COLLATE utf8_bin NULL DEFAULT NULL,
  `EDITOR_SOURCE_VALUE_ID_` varchar(64) CHARACTER SET utf8 COLLATE utf8_bin NULL DEFAULT NULL,
  `EDITOR_SOURCE_EXTRA_VALUE_ID_` varchar(64) CHARACTER SET utf8 COLLATE utf8_bin NULL DEFAULT NULL,
  `TENANT_ID_` varchar(255) CHARACTER SET utf8 COLLATE utf8_bin NULL DEFAULT '',
  PRIMARY KEY (`ID_`) USING BTREE,
  INDEX `ACT_FK_MODEL_SOURCE`(`EDITOR_SOURCE_VALUE_ID_`) USING BTREE,
  INDEX `ACT_FK_MODEL_SOURCE_EXTRA`(`EDITOR_SOURCE_EXTRA_VALUE_ID_`) USING BTREE,
  INDEX `ACT_FK_MODEL_DEPLOYMENT`(`DEPLOYMENT_ID_`) USING BTREE,
  CONSTRAINT `ACT_FK_MODEL_DEPLOYMENT` FOREIGN KEY (`DEPLOYMENT_ID_`) REFERENCES `act_re_deployment` (`ID_`) ON DELETE RESTRICT ON UPDATE RESTRICT,
  CONSTRAINT `ACT_FK_MODEL_SOURCE` FOREIGN KEY (`EDITOR_SOURCE_VALUE_ID_`) REFERENCES `act_ge_bytearray` (`ID_`) ON DELETE RESTRICT ON UPDATE RESTRICT,
  CONSTRAINT `ACT_FK_MODEL_SOURCE_EXTRA` FOREIGN KEY (`EDITOR_SOURCE_EXTRA_VALUE_ID_`) REFERENCES `act_ge_bytearray` (`ID_`) ON DELETE RESTRICT ON UPDATE RESTRICT
) ENGINE = InnoDB CHARACTER SET = utf8 COLLATE = utf8_bin ROW_FORMAT = Dynamic;

-- ----------------------------
-- Records of act_re_model
-- ----------------------------
INSERT INTO `act_re_model` VALUES ('138019805923320193', 4, '请假流程测试', 'vocation', 'apply holiday', '2020-02-26 11:29:52.277', '2020-02-26 11:30:00.287', 1, '{\"name\":\"请假流程测试\",\"revision\":1,\"description\":null}', '138019805999660196', '138019805924030194', '138019805928170195', '');
INSERT INTO `act_re_model` VALUES ('138122793748650210', 4, '财务报销', 'money', 'bx', '2020-06-24 16:16:14.785', '2020-06-24 16:16:24.015', 1, '{\"name\":\"财务报销\",\"revision\":1,\"description\":\"财务报销流程\"}', '138122793832960213', '138122793749550211', '138122793767210212', '');

-- ----------------------------
-- Table structure for act_re_procdef
-- ----------------------------
DROP TABLE IF EXISTS `act_re_procdef`;
CREATE TABLE `act_re_procdef`  (
  `ID_` varchar(64) CHARACTER SET utf8 COLLATE utf8_bin NOT NULL,
  `REV_` int(11) NULL DEFAULT NULL,
  `CATEGORY_` varchar(255) CHARACTER SET utf8 COLLATE utf8_bin NULL DEFAULT NULL,
  `NAME_` varchar(255) CHARACTER SET utf8 COLLATE utf8_bin NULL DEFAULT NULL,
  `KEY_` varchar(255) CHARACTER SET utf8 COLLATE utf8_bin NOT NULL,
  `VERSION_` int(11) NOT NULL,
  `DEPLOYMENT_ID_` varchar(64) CHARACTER SET utf8 COLLATE utf8_bin NULL DEFAULT NULL,
  `RESOURCE_NAME_` varchar(4000) CHARACTER SET utf8 COLLATE utf8_bin NULL DEFAULT NULL,
  `DGRM_RESOURCE_NAME_` varchar(4000) CHARACTER SET utf8 COLLATE utf8_bin NULL DEFAULT NULL,
  `DESCRIPTION_` varchar(4000) CHARACTER SET utf8 COLLATE utf8_bin NULL DEFAULT NULL,
  `HAS_START_FORM_KEY_` tinyint(4) NULL DEFAULT NULL,
  `HAS_GRAPHICAL_NOTATION_` tinyint(4) NULL DEFAULT NULL,
  `SUSPENSION_STATE_` int(11) NULL DEFAULT NULL,
  `TENANT_ID_` varchar(255) CHARACTER SET utf8 COLLATE utf8_bin NULL DEFAULT '',
  `ENGINE_VERSION_` varchar(255) CHARACTER SET utf8 COLLATE utf8_bin NULL DEFAULT NULL,
  PRIMARY KEY (`ID_`) USING BTREE,
  UNIQUE INDEX `ACT_UNIQ_PROCDEF`(`KEY_`, `VERSION_`, `TENANT_ID_`) USING BTREE
) ENGINE = InnoDB CHARACTER SET = utf8 COLLATE = utf8_bin ROW_FORMAT = Dynamic;

-- ----------------------------
-- Records of act_re_procdef
-- ----------------------------
INSERT INTO `act_re_procdef` VALUES ('money:1:138122793839860216', 2, 'bx', NULL, 'money', 1, '138122793832960213', 'money.bpmn20.xml', 'money.money.png', NULL, 0, 1, 1, '', NULL);
INSERT INTO `act_re_procdef` VALUES ('vocation:1:138019806002640199', 2, 'apply holiday', NULL, 'vocation', 1, '138019805999660196', 'vocation.bpmn20.xml', 'vocation.vocation.png', NULL, 0, 1, 1, '', NULL);

-- ----------------------------
-- Table structure for act_ru_deadletter_job
-- ----------------------------
DROP TABLE IF EXISTS `act_ru_deadletter_job`;
CREATE TABLE `act_ru_deadletter_job`  (
  `ID_` varchar(64) CHARACTER SET utf8 COLLATE utf8_bin NOT NULL,
  `REV_` int(11) NULL DEFAULT NULL,
  `TYPE_` varchar(255) CHARACTER SET utf8 COLLATE utf8_bin NOT NULL,
  `EXCLUSIVE_` tinyint(1) NULL DEFAULT NULL,
  `EXECUTION_ID_` varchar(64) CHARACTER SET utf8 COLLATE utf8_bin NULL DEFAULT NULL,
  `PROCESS_INSTANCE_ID_` varchar(64) CHARACTER SET utf8 COLLATE utf8_bin NULL DEFAULT NULL,
  `PROC_DEF_ID_` varchar(64) CHARACTER SET utf8 COLLATE utf8_bin NULL DEFAULT NULL,
  `EXCEPTION_STACK_ID_` varchar(64) CHARACTER SET utf8 COLLATE utf8_bin NULL DEFAULT NULL,
  `EXCEPTION_MSG_` varchar(4000) CHARACTER SET utf8 COLLATE utf8_bin NULL DEFAULT NULL,
  `DUEDATE_` timestamp(3) NULL DEFAULT NULL,
  `REPEAT_` varchar(255) CHARACTER SET utf8 COLLATE utf8_bin NULL DEFAULT NULL,
  `HANDLER_TYPE_` varchar(255) CHARACTER SET utf8 COLLATE utf8_bin NULL DEFAULT NULL,
  `HANDLER_CFG_` varchar(4000) CHARACTER SET utf8 COLLATE utf8_bin NULL DEFAULT NULL,
  `TENANT_ID_` varchar(255) CHARACTER SET utf8 COLLATE utf8_bin NULL DEFAULT '',
  PRIMARY KEY (`ID_`) USING BTREE,
  INDEX `ACT_FK_DEADLETTER_JOB_EXECUTION`(`EXECUTION_ID_`) USING BTREE,
  INDEX `ACT_FK_DEADLETTER_JOB_PROCESS_INSTANCE`(`PROCESS_INSTANCE_ID_`) USING BTREE,
  INDEX `ACT_FK_DEADLETTER_JOB_PROC_DEF`(`PROC_DEF_ID_`) USING BTREE,
  INDEX `ACT_FK_DEADLETTER_JOB_EXCEPTION`(`EXCEPTION_STACK_ID_`) USING BTREE,
  CONSTRAINT `ACT_FK_DEADLETTER_JOB_EXCEPTION` FOREIGN KEY (`EXCEPTION_STACK_ID_`) REFERENCES `act_ge_bytearray` (`ID_`) ON DELETE RESTRICT ON UPDATE RESTRICT,
  CONSTRAINT `ACT_FK_DEADLETTER_JOB_EXECUTION` FOREIGN KEY (`EXECUTION_ID_`) REFERENCES `act_ru_execution` (`ID_`) ON DELETE RESTRICT ON UPDATE RESTRICT,
  CONSTRAINT `ACT_FK_DEADLETTER_JOB_PROCESS_INSTANCE` FOREIGN KEY (`PROCESS_INSTANCE_ID_`) REFERENCES `act_ru_execution` (`ID_`) ON DELETE RESTRICT ON UPDATE RESTRICT,
  CONSTRAINT `ACT_FK_DEADLETTER_JOB_PROC_DEF` FOREIGN KEY (`PROC_DEF_ID_`) REFERENCES `act_re_procdef` (`ID_`) ON DELETE RESTRICT ON UPDATE RESTRICT
) ENGINE = InnoDB CHARACTER SET = utf8 COLLATE = utf8_bin ROW_FORMAT = Dynamic;

-- ----------------------------
-- Records of act_ru_deadletter_job
-- ----------------------------

-- ----------------------------
-- Table structure for act_ru_event_subscr
-- ----------------------------
DROP TABLE IF EXISTS `act_ru_event_subscr`;
CREATE TABLE `act_ru_event_subscr`  (
  `ID_` varchar(64) CHARACTER SET utf8 COLLATE utf8_bin NOT NULL,
  `REV_` int(11) NULL DEFAULT NULL,
  `EVENT_TYPE_` varchar(255) CHARACTER SET utf8 COLLATE utf8_bin NOT NULL,
  `EVENT_NAME_` varchar(255) CHARACTER SET utf8 COLLATE utf8_bin NULL DEFAULT NULL,
  `EXECUTION_ID_` varchar(64) CHARACTER SET utf8 COLLATE utf8_bin NULL DEFAULT NULL,
  `PROC_INST_ID_` varchar(64) CHARACTER SET utf8 COLLATE utf8_bin NULL DEFAULT NULL,
  `ACTIVITY_ID_` varchar(64) CHARACTER SET utf8 COLLATE utf8_bin NULL DEFAULT NULL,
  `CONFIGURATION_` varchar(255) CHARACTER SET utf8 COLLATE utf8_bin NULL DEFAULT NULL,
  `CREATED_` timestamp(3) NOT NULL DEFAULT CURRENT_TIMESTAMP(3),
  `PROC_DEF_ID_` varchar(64) CHARACTER SET utf8 COLLATE utf8_bin NULL DEFAULT NULL,
  `TENANT_ID_` varchar(255) CHARACTER SET utf8 COLLATE utf8_bin NULL DEFAULT '',
  PRIMARY KEY (`ID_`) USING BTREE,
  INDEX `ACT_IDX_EVENT_SUBSCR_CONFIG_`(`CONFIGURATION_`) USING BTREE,
  INDEX `ACT_FK_EVENT_EXEC`(`EXECUTION_ID_`) USING BTREE,
  CONSTRAINT `ACT_FK_EVENT_EXEC` FOREIGN KEY (`EXECUTION_ID_`) REFERENCES `act_ru_execution` (`ID_`) ON DELETE RESTRICT ON UPDATE RESTRICT
) ENGINE = InnoDB CHARACTER SET = utf8 COLLATE = utf8_bin ROW_FORMAT = Dynamic;

-- ----------------------------
-- Records of act_ru_event_subscr
-- ----------------------------

-- ----------------------------
-- Table structure for act_ru_execution
-- ----------------------------
DROP TABLE IF EXISTS `act_ru_execution`;
CREATE TABLE `act_ru_execution`  (
  `ID_` varchar(64) CHARACTER SET utf8 COLLATE utf8_bin NOT NULL,
  `REV_` int(11) NULL DEFAULT NULL,
  `PROC_INST_ID_` varchar(64) CHARACTER SET utf8 COLLATE utf8_bin NULL DEFAULT NULL,
  `BUSINESS_KEY_` varchar(255) CHARACTER SET utf8 COLLATE utf8_bin NULL DEFAULT NULL,
  `PARENT_ID_` varchar(64) CHARACTER SET utf8 COLLATE utf8_bin NULL DEFAULT NULL,
  `PROC_DEF_ID_` varchar(64) CHARACTER SET utf8 COLLATE utf8_bin NULL DEFAULT NULL,
  `SUPER_EXEC_` varchar(64) CHARACTER SET utf8 COLLATE utf8_bin NULL DEFAULT NULL,
  `ROOT_PROC_INST_ID_` varchar(64) CHARACTER SET utf8 COLLATE utf8_bin NULL DEFAULT NULL,
  `ACT_ID_` varchar(255) CHARACTER SET utf8 COLLATE utf8_bin NULL DEFAULT NULL,
  `IS_ACTIVE_` tinyint(4) NULL DEFAULT NULL,
  `IS_CONCURRENT_` tinyint(4) NULL DEFAULT NULL,
  `IS_SCOPE_` tinyint(4) NULL DEFAULT NULL,
  `IS_EVENT_SCOPE_` tinyint(4) NULL DEFAULT NULL,
  `IS_MI_ROOT_` tinyint(4) NULL DEFAULT NULL,
  `SUSPENSION_STATE_` int(11) NULL DEFAULT NULL,
  `CACHED_ENT_STATE_` int(11) NULL DEFAULT NULL,
  `TENANT_ID_` varchar(255) CHARACTER SET utf8 COLLATE utf8_bin NULL DEFAULT '',
  `NAME_` varchar(255) CHARACTER SET utf8 COLLATE utf8_bin NULL DEFAULT NULL,
  `START_TIME_` datetime(3) NULL DEFAULT NULL,
  `START_USER_ID_` varchar(255) CHARACTER SET utf8 COLLATE utf8_bin NULL DEFAULT NULL,
  `LOCK_TIME_` timestamp(3) NULL DEFAULT NULL,
  `IS_COUNT_ENABLED_` tinyint(4) NULL DEFAULT NULL,
  `EVT_SUBSCR_COUNT_` int(11) NULL DEFAULT NULL,
  `TASK_COUNT_` int(11) NULL DEFAULT NULL,
  `JOB_COUNT_` int(11) NULL DEFAULT NULL,
  `TIMER_JOB_COUNT_` int(11) NULL DEFAULT NULL,
  `SUSP_JOB_COUNT_` int(11) NULL DEFAULT NULL,
  `DEADLETTER_JOB_COUNT_` int(11) NULL DEFAULT NULL,
  `VAR_COUNT_` int(11) NULL DEFAULT NULL,
  `ID_LINK_COUNT_` int(11) NULL DEFAULT NULL,
  PRIMARY KEY (`ID_`) USING BTREE,
  INDEX `ACT_IDX_EXEC_BUSKEY`(`BUSINESS_KEY_`) USING BTREE,
  INDEX `ACT_IDC_EXEC_ROOT`(`ROOT_PROC_INST_ID_`) USING BTREE,
  INDEX `ACT_FK_EXE_PROCINST`(`PROC_INST_ID_`) USING BTREE,
  INDEX `ACT_FK_EXE_PARENT`(`PARENT_ID_`) USING BTREE,
  INDEX `ACT_FK_EXE_SUPER`(`SUPER_EXEC_`) USING BTREE,
  INDEX `ACT_FK_EXE_PROCDEF`(`PROC_DEF_ID_`) USING BTREE,
  CONSTRAINT `ACT_FK_EXE_PARENT` FOREIGN KEY (`PARENT_ID_`) REFERENCES `act_ru_execution` (`ID_`) ON DELETE CASCADE ON UPDATE RESTRICT,
  CONSTRAINT `ACT_FK_EXE_PROCDEF` FOREIGN KEY (`PROC_DEF_ID_`) REFERENCES `act_re_procdef` (`ID_`) ON DELETE RESTRICT ON UPDATE RESTRICT,
  CONSTRAINT `ACT_FK_EXE_PROCINST` FOREIGN KEY (`PROC_INST_ID_`) REFERENCES `act_ru_execution` (`ID_`) ON DELETE CASCADE ON UPDATE CASCADE,
  CONSTRAINT `ACT_FK_EXE_SUPER` FOREIGN KEY (`SUPER_EXEC_`) REFERENCES `act_ru_execution` (`ID_`) ON DELETE CASCADE ON UPDATE RESTRICT
) ENGINE = InnoDB CHARACTER SET = utf8 COLLATE = utf8_bin ROW_FORMAT = Dynamic;

-- ----------------------------
-- Records of act_ru_execution
-- ----------------------------
INSERT INTO `act_ru_execution` VALUES ('138019806062670200', 19, '138019806062670200', '', NULL, 'vocation:1:138019806002640199', NULL, '138019806062670200', NULL, 1, 0, 1, 0, 0, 1, NULL, '', '请假流程测试', '2020-02-26 11:30:06.210', '137957801228000182', NULL, 0, 0, 0, 0, 0, 0, 0, 0, 0);
INSERT INTO `act_ru_execution` VALUES ('138019806063780202', 20, '138019806062670200', NULL, '138019806062670200', 'vocation:1:138019806002640199', NULL, '138019806062670200', 'Task_0lfpng3', 1, 0, 0, 0, 0, 1, NULL, '', NULL, '2020-02-26 11:30:06.323', NULL, NULL, 0, 0, 0, 0, 0, 0, 0, 0, 0);
INSERT INTO `act_ru_execution` VALUES ('138121740846120131', 3, '138121740846120131', '', NULL, 'vocation:1:138019806002640199', NULL, '138121740846120131', NULL, 1, 0, 1, 0, 0, 1, NULL, '', '请假流程测试', '2020-06-23 11:01:24.511', '137957801228000182', NULL, 0, 0, 0, 0, 0, 0, 0, 0, 0);
INSERT INTO `act_ru_execution` VALUES ('138121740847680133', 3, '138121740846120131', NULL, '138121740846120131', 'vocation:1:138019806002640199', NULL, '138121740846120131', 'Task_0ib61dd', 1, 0, 0, 0, 0, 1, NULL, '', NULL, '2020-06-23 11:01:24.692', NULL, NULL, 0, 0, 0, 0, 0, 0, 0, 0, 0);
INSERT INTO `act_ru_execution` VALUES ('138121740943020137', 2, '138121740943020137', '', NULL, 'vocation:1:138019806002640199', NULL, '138121740943020137', NULL, 1, 0, 1, 0, 0, 2, NULL, '', '请假流程测试', '2020-06-23 11:01:34.210', '137957801228000182', NULL, 0, 0, 0, 0, 0, 0, 0, 0, 0);
INSERT INTO `act_ru_execution` VALUES ('138121740944810139', 3, '138121740943020137', NULL, '138121740943020137', 'vocation:1:138019806002640199', NULL, '138121740943020137', 'Task_0lfpng3', 1, 0, 0, 0, 0, 2, NULL, '', NULL, '2020-06-23 11:01:34.392', NULL, NULL, 0, 0, 0, 0, 0, 0, 0, 0, 0);
INSERT INTO `act_ru_execution` VALUES ('138121741039550143', 1, '138121741039550143', '', NULL, 'vocation:1:138019806002640199', NULL, '138121741039550143', NULL, 1, 0, 1, 0, 0, 1, NULL, '', '请假流程测试', '2020-06-23 11:01:43.859', '137957801228000182', NULL, 0, 0, 0, 0, 0, 0, 0, 0, 0);
INSERT INTO `act_ru_execution` VALUES ('138121741041390145', 1, '138121741039550143', NULL, '138121741039550143', 'vocation:1:138019806002640199', NULL, '138121741039550143', 'Task_0ib61dd', 1, 0, 0, 0, 0, 1, NULL, '', NULL, '2020-06-23 11:01:44.047', NULL, NULL, 0, 0, 0, 0, 0, 0, 0, 0, 0);
INSERT INTO `act_ru_execution` VALUES ('138122798029770217', 1, '138122798029770217', '', NULL, 'money:1:138122793839860216', NULL, '138122798029770217', NULL, 1, 0, 1, 0, 0, 1, NULL, '', '财务报销', '2020-06-24 16:23:22.887', '137957801228000182', NULL, 0, 0, 0, 0, 0, 0, 0, 0, 0);
INSERT INTO `act_ru_execution` VALUES ('138122798031630219', 1, '138122798029770217', NULL, '138122798029770217', 'money:1:138122793839860216', NULL, '138122798029770217', 'Task_1l25nyb', 1, 0, 0, 0, 0, 1, NULL, '', NULL, '2020-06-24 16:23:23.072', NULL, NULL, 0, 0, 0, 0, 0, 0, 0, 0, 0);
INSERT INTO `act_ru_execution` VALUES ('138122799719940224', 1, '138122799719940224', '', NULL, 'money:1:138122793839860216', NULL, '138122799719940224', NULL, 1, 0, 1, 0, 0, 1, NULL, '', '财务报销', '2020-06-24 16:26:11.903', '137957801228000182', NULL, 0, 0, 0, 0, 0, 0, 0, 0, 0);
INSERT INTO `act_ru_execution` VALUES ('138122799721870226', 1, '138122799719940224', NULL, '138122799719940224', 'money:1:138122793839860216', NULL, '138122799719940224', 'Task_1l25nyb', 1, 0, 0, 0, 0, 1, NULL, '', NULL, '2020-06-24 16:26:12.092', NULL, NULL, 0, 0, 0, 0, 0, 0, 0, 0, 0);
INSERT INTO `act_ru_execution` VALUES ('138122799760930230', 1, '138122799760930230', '', NULL, 'money:1:138122793839860216', NULL, '138122799760930230', NULL, 1, 0, 1, 0, 0, 1, NULL, '', '财务报销', '2020-06-24 16:26:16.000', '137957801228000182', NULL, 0, 0, 0, 0, 0, 0, 0, 0, 0);
INSERT INTO `act_ru_execution` VALUES ('138122799762860232', 1, '138122799760930230', NULL, '138122799760930230', 'money:1:138122793839860216', NULL, '138122799760930230', 'Task_1l25nyb', 1, 0, 0, 0, 0, 1, NULL, '', NULL, '2020-06-24 16:26:16.187', NULL, NULL, 0, 0, 0, 0, 0, 0, 0, 0, 0);
INSERT INTO `act_ru_execution` VALUES ('138122800438910236', 1, '138122800438910236', '', NULL, 'money:1:138122793839860216', NULL, '138122800438910236', NULL, 1, 0, 1, 0, 0, 1, NULL, '', '财务报销', '2020-06-24 16:27:23.799', '137957801228000182', NULL, 0, 0, 0, 0, 0, 0, 0, 0, 0);
INSERT INTO `act_ru_execution` VALUES ('138122800440740238', 1, '138122800438910236', NULL, '138122800438910236', 'money:1:138122793839860216', NULL, '138122800438910236', 'Task_1l25nyb', 1, 0, 0, 0, 0, 1, NULL, '', NULL, '2020-06-24 16:27:23.982', NULL, NULL, 0, 0, 0, 0, 0, 0, 0, 0, 0);
INSERT INTO `act_ru_execution` VALUES ('138122800485510242', 1, '138122800485510242', '', NULL, 'money:1:138122793839860216', NULL, '138122800485510242', NULL, 1, 0, 1, 0, 0, 1, NULL, '', '财务报销', '2020-06-24 16:27:28.446', '137957801228000182', NULL, 0, 0, 0, 0, 0, 0, 0, 0, 0);
INSERT INTO `act_ru_execution` VALUES ('138122800487440244', 1, '138122800485510242', NULL, '138122800485510242', 'money:1:138122793839860216', NULL, '138122800485510242', 'Task_1l25nyb', 1, 0, 0, 0, 0, 1, NULL, '', NULL, '2020-06-24 16:27:28.652', NULL, NULL, 0, 0, 0, 0, 0, 0, 0, 0, 0);
INSERT INTO `act_ru_execution` VALUES ('138122800530010248', 1, '138122800530010248', '', NULL, 'money:1:138122793839860216', NULL, '138122800530010248', NULL, 1, 0, 1, 0, 0, 1, NULL, '', '财务报销', '2020-06-24 16:27:32.908', '137957801228000182', NULL, 0, 0, 0, 0, 0, 0, 0, 0, 0);
INSERT INTO `act_ru_execution` VALUES ('138122800531860250', 1, '138122800530010248', NULL, '138122800530010248', 'money:1:138122793839860216', NULL, '138122800530010248', 'Task_1l25nyb', 1, 0, 0, 0, 0, 1, NULL, '', NULL, '2020-06-24 16:27:33.097', NULL, NULL, 0, 0, 0, 0, 0, 0, 0, 0, 0);
INSERT INTO `act_ru_execution` VALUES ('138122800564380254', 1, '138122800564380254', '', NULL, 'money:1:138122793839860216', NULL, '138122800564380254', NULL, 1, 0, 1, 0, 0, 1, NULL, '', '财务报销', '2020-06-24 16:27:36.349', '137957801228000182', NULL, 0, 0, 0, 0, 0, 0, 0, 0, 0);
INSERT INTO `act_ru_execution` VALUES ('138122800566200000', 1, '138122800564380254', NULL, '138122800564380254', 'money:1:138122793839860216', NULL, '138122800564380254', 'Task_1l25nyb', 1, 0, 0, 0, 0, 1, NULL, '', NULL, '2020-06-24 16:27:36.529', NULL, NULL, 0, 0, 0, 0, 0, 0, 0, 0, 0);
INSERT INTO `act_ru_execution` VALUES ('138122800607660004', 1, '138122800607660004', '', NULL, 'money:1:138122793839860216', NULL, '138122800607660004', NULL, 1, 0, 1, 0, 0, 1, NULL, '', '财务报销', '2020-06-24 16:27:40.673', '137957801228000182', NULL, 0, 0, 0, 0, 0, 0, 0, 0, 0);
INSERT INTO `act_ru_execution` VALUES ('138122800609450006', 1, '138122800607660004', NULL, '138122800607660004', 'money:1:138122793839860216', NULL, '138122800607660004', 'Task_1l25nyb', 1, 0, 0, 0, 0, 1, NULL, '', NULL, '2020-06-24 16:27:40.854', NULL, NULL, 0, 0, 0, 0, 0, 0, 0, 0, 0);
INSERT INTO `act_ru_execution` VALUES ('138122800700350010', 1, '138122800700350010', '', NULL, 'money:1:138122793839860216', NULL, '138122800700350010', NULL, 1, 0, 1, 0, 0, 1, NULL, '', '财务报销', '2020-06-24 16:27:49.940', '137957801228000182', NULL, 0, 0, 0, 0, 0, 0, 0, 0, 0);
INSERT INTO `act_ru_execution` VALUES ('138122800702190012', 1, '138122800700350010', NULL, '138122800700350010', 'money:1:138122793839860216', NULL, '138122800700350010', 'Task_1l25nyb', 1, 0, 0, 0, 0, 1, NULL, '', NULL, '2020-06-24 16:27:50.128', NULL, NULL, 0, 0, 0, 0, 0, 0, 0, 0, 0);

-- ----------------------------
-- Table structure for act_ru_identitylink
-- ----------------------------
DROP TABLE IF EXISTS `act_ru_identitylink`;
CREATE TABLE `act_ru_identitylink`  (
  `ID_` varchar(64) CHARACTER SET utf8 COLLATE utf8_bin NOT NULL,
  `REV_` int(11) NULL DEFAULT NULL,
  `GROUP_ID_` varchar(255) CHARACTER SET utf8 COLLATE utf8_bin NULL DEFAULT NULL,
  `TYPE_` varchar(255) CHARACTER SET utf8 COLLATE utf8_bin NULL DEFAULT NULL,
  `USER_ID_` varchar(255) CHARACTER SET utf8 COLLATE utf8_bin NULL DEFAULT NULL,
  `TASK_ID_` varchar(64) CHARACTER SET utf8 COLLATE utf8_bin NULL DEFAULT NULL,
  `PROC_INST_ID_` varchar(64) CHARACTER SET utf8 COLLATE utf8_bin NULL DEFAULT NULL,
  `PROC_DEF_ID_` varchar(64) CHARACTER SET utf8 COLLATE utf8_bin NULL DEFAULT NULL,
  PRIMARY KEY (`ID_`) USING BTREE,
  INDEX `ACT_IDX_IDENT_LNK_USER`(`USER_ID_`) USING BTREE,
  INDEX `ACT_IDX_IDENT_LNK_GROUP`(`GROUP_ID_`) USING BTREE,
  INDEX `ACT_IDX_ATHRZ_PROCEDEF`(`PROC_DEF_ID_`) USING BTREE,
  INDEX `ACT_FK_TSKASS_TASK`(`TASK_ID_`) USING BTREE,
  INDEX `ACT_FK_IDL_PROCINST`(`PROC_INST_ID_`) USING BTREE,
  CONSTRAINT `ACT_FK_ATHRZ_PROCEDEF` FOREIGN KEY (`PROC_DEF_ID_`) REFERENCES `act_re_procdef` (`ID_`) ON DELETE RESTRICT ON UPDATE RESTRICT,
  CONSTRAINT `ACT_FK_IDL_PROCINST` FOREIGN KEY (`PROC_INST_ID_`) REFERENCES `act_ru_execution` (`ID_`) ON DELETE RESTRICT ON UPDATE RESTRICT,
  CONSTRAINT `ACT_FK_TSKASS_TASK` FOREIGN KEY (`TASK_ID_`) REFERENCES `act_ru_task` (`ID_`) ON DELETE RESTRICT ON UPDATE RESTRICT
) ENGINE = InnoDB CHARACTER SET = utf8 COLLATE = utf8_bin ROW_FORMAT = Dynamic;

-- ----------------------------
-- Records of act_ru_identitylink
-- ----------------------------
INSERT INTO `act_ru_identitylink` VALUES ('138019806063220201', 1, NULL, 'starter', '137957801228000182', NULL, '138019806062670200', NULL);
INSERT INTO `act_ru_identitylink` VALUES ('138121740846880132', 1, NULL, 'starter', '137957801228000182', NULL, '138121740846120131', NULL);
INSERT INTO `act_ru_identitylink` VALUES ('138121740943920138', 1, NULL, 'starter', '137957801228000182', NULL, '138121740943020137', NULL);
INSERT INTO `act_ru_identitylink` VALUES ('138121741040470144', 1, NULL, 'starter', '137957801228000182', NULL, '138121741039550143', NULL);
INSERT INTO `act_ru_identitylink` VALUES ('138122798030690218', 1, NULL, 'starter', '137957801228000182', NULL, '138122798029770217', NULL);
INSERT INTO `act_ru_identitylink` VALUES ('138122799720920225', 1, NULL, 'starter', '137957801228000182', NULL, '138122799719940224', NULL);
INSERT INTO `act_ru_identitylink` VALUES ('138122799761870231', 1, NULL, 'starter', '137957801228000182', NULL, '138122799760930230', NULL);
INSERT INTO `act_ru_identitylink` VALUES ('138122800439820237', 1, NULL, 'starter', '137957801228000182', NULL, '138122800438910236', NULL);
INSERT INTO `act_ru_identitylink` VALUES ('138122800486510243', 1, NULL, 'starter', '137957801228000182', NULL, '138122800485510242', NULL);
INSERT INTO `act_ru_identitylink` VALUES ('138122800530970249', 1, NULL, 'starter', '137957801228000182', NULL, '138122800530010248', NULL);
INSERT INTO `act_ru_identitylink` VALUES ('138122800565290255', 1, NULL, 'starter', '137957801228000182', NULL, '138122800564380254', NULL);
INSERT INTO `act_ru_identitylink` VALUES ('138122800608540005', 1, NULL, 'starter', '137957801228000182', NULL, '138122800607660004', NULL);
INSERT INTO `act_ru_identitylink` VALUES ('138122800701280011', 1, NULL, 'starter', '137957801228000182', NULL, '138122800700350010', NULL);

-- ----------------------------
-- Table structure for act_ru_job
-- ----------------------------
DROP TABLE IF EXISTS `act_ru_job`;
CREATE TABLE `act_ru_job`  (
  `ID_` varchar(64) CHARACTER SET utf8 COLLATE utf8_bin NOT NULL,
  `REV_` int(11) NULL DEFAULT NULL,
  `TYPE_` varchar(255) CHARACTER SET utf8 COLLATE utf8_bin NOT NULL,
  `LOCK_EXP_TIME_` timestamp(3) NULL DEFAULT NULL,
  `LOCK_OWNER_` varchar(255) CHARACTER SET utf8 COLLATE utf8_bin NULL DEFAULT NULL,
  `EXCLUSIVE_` tinyint(1) NULL DEFAULT NULL,
  `EXECUTION_ID_` varchar(64) CHARACTER SET utf8 COLLATE utf8_bin NULL DEFAULT NULL,
  `PROCESS_INSTANCE_ID_` varchar(64) CHARACTER SET utf8 COLLATE utf8_bin NULL DEFAULT NULL,
  `PROC_DEF_ID_` varchar(64) CHARACTER SET utf8 COLLATE utf8_bin NULL DEFAULT NULL,
  `RETRIES_` int(11) NULL DEFAULT NULL,
  `EXCEPTION_STACK_ID_` varchar(64) CHARACTER SET utf8 COLLATE utf8_bin NULL DEFAULT NULL,
  `EXCEPTION_MSG_` varchar(4000) CHARACTER SET utf8 COLLATE utf8_bin NULL DEFAULT NULL,
  `DUEDATE_` timestamp(3) NULL DEFAULT NULL,
  `REPEAT_` varchar(255) CHARACTER SET utf8 COLLATE utf8_bin NULL DEFAULT NULL,
  `HANDLER_TYPE_` varchar(255) CHARACTER SET utf8 COLLATE utf8_bin NULL DEFAULT NULL,
  `HANDLER_CFG_` varchar(4000) CHARACTER SET utf8 COLLATE utf8_bin NULL DEFAULT NULL,
  `TENANT_ID_` varchar(255) CHARACTER SET utf8 COLLATE utf8_bin NULL DEFAULT '',
  PRIMARY KEY (`ID_`) USING BTREE,
  INDEX `ACT_FK_JOB_EXECUTION`(`EXECUTION_ID_`) USING BTREE,
  INDEX `ACT_FK_JOB_PROCESS_INSTANCE`(`PROCESS_INSTANCE_ID_`) USING BTREE,
  INDEX `ACT_FK_JOB_PROC_DEF`(`PROC_DEF_ID_`) USING BTREE,
  INDEX `ACT_FK_JOB_EXCEPTION`(`EXCEPTION_STACK_ID_`) USING BTREE,
  CONSTRAINT `ACT_FK_JOB_EXCEPTION` FOREIGN KEY (`EXCEPTION_STACK_ID_`) REFERENCES `act_ge_bytearray` (`ID_`) ON DELETE RESTRICT ON UPDATE RESTRICT,
  CONSTRAINT `ACT_FK_JOB_EXECUTION` FOREIGN KEY (`EXECUTION_ID_`) REFERENCES `act_ru_execution` (`ID_`) ON DELETE RESTRICT ON UPDATE RESTRICT,
  CONSTRAINT `ACT_FK_JOB_PROCESS_INSTANCE` FOREIGN KEY (`PROCESS_INSTANCE_ID_`) REFERENCES `act_ru_execution` (`ID_`) ON DELETE RESTRICT ON UPDATE RESTRICT,
  CONSTRAINT `ACT_FK_JOB_PROC_DEF` FOREIGN KEY (`PROC_DEF_ID_`) REFERENCES `act_re_procdef` (`ID_`) ON DELETE RESTRICT ON UPDATE RESTRICT
) ENGINE = InnoDB CHARACTER SET = utf8 COLLATE = utf8_bin ROW_FORMAT = Dynamic;

-- ----------------------------
-- Records of act_ru_job
-- ----------------------------

-- ----------------------------
-- Table structure for act_ru_suspended_job
-- ----------------------------
DROP TABLE IF EXISTS `act_ru_suspended_job`;
CREATE TABLE `act_ru_suspended_job`  (
  `ID_` varchar(64) CHARACTER SET utf8 COLLATE utf8_bin NOT NULL,
  `REV_` int(11) NULL DEFAULT NULL,
  `TYPE_` varchar(255) CHARACTER SET utf8 COLLATE utf8_bin NOT NULL,
  `EXCLUSIVE_` tinyint(1) NULL DEFAULT NULL,
  `EXECUTION_ID_` varchar(64) CHARACTER SET utf8 COLLATE utf8_bin NULL DEFAULT NULL,
  `PROCESS_INSTANCE_ID_` varchar(64) CHARACTER SET utf8 COLLATE utf8_bin NULL DEFAULT NULL,
  `PROC_DEF_ID_` varchar(64) CHARACTER SET utf8 COLLATE utf8_bin NULL DEFAULT NULL,
  `RETRIES_` int(11) NULL DEFAULT NULL,
  `EXCEPTION_STACK_ID_` varchar(64) CHARACTER SET utf8 COLLATE utf8_bin NULL DEFAULT NULL,
  `EXCEPTION_MSG_` varchar(4000) CHARACTER SET utf8 COLLATE utf8_bin NULL DEFAULT NULL,
  `DUEDATE_` timestamp(3) NULL DEFAULT NULL,
  `REPEAT_` varchar(255) CHARACTER SET utf8 COLLATE utf8_bin NULL DEFAULT NULL,
  `HANDLER_TYPE_` varchar(255) CHARACTER SET utf8 COLLATE utf8_bin NULL DEFAULT NULL,
  `HANDLER_CFG_` varchar(4000) CHARACTER SET utf8 COLLATE utf8_bin NULL DEFAULT NULL,
  `TENANT_ID_` varchar(255) CHARACTER SET utf8 COLLATE utf8_bin NULL DEFAULT '',
  PRIMARY KEY (`ID_`) USING BTREE,
  INDEX `ACT_FK_SUSPENDED_JOB_EXECUTION`(`EXECUTION_ID_`) USING BTREE,
  INDEX `ACT_FK_SUSPENDED_JOB_PROCESS_INSTANCE`(`PROCESS_INSTANCE_ID_`) USING BTREE,
  INDEX `ACT_FK_SUSPENDED_JOB_PROC_DEF`(`PROC_DEF_ID_`) USING BTREE,
  INDEX `ACT_FK_SUSPENDED_JOB_EXCEPTION`(`EXCEPTION_STACK_ID_`) USING BTREE,
  CONSTRAINT `ACT_FK_SUSPENDED_JOB_EXCEPTION` FOREIGN KEY (`EXCEPTION_STACK_ID_`) REFERENCES `act_ge_bytearray` (`ID_`) ON DELETE RESTRICT ON UPDATE RESTRICT,
  CONSTRAINT `ACT_FK_SUSPENDED_JOB_EXECUTION` FOREIGN KEY (`EXECUTION_ID_`) REFERENCES `act_ru_execution` (`ID_`) ON DELETE RESTRICT ON UPDATE RESTRICT,
  CONSTRAINT `ACT_FK_SUSPENDED_JOB_PROCESS_INSTANCE` FOREIGN KEY (`PROCESS_INSTANCE_ID_`) REFERENCES `act_ru_execution` (`ID_`) ON DELETE RESTRICT ON UPDATE RESTRICT,
  CONSTRAINT `ACT_FK_SUSPENDED_JOB_PROC_DEF` FOREIGN KEY (`PROC_DEF_ID_`) REFERENCES `act_re_procdef` (`ID_`) ON DELETE RESTRICT ON UPDATE RESTRICT
) ENGINE = InnoDB CHARACTER SET = utf8 COLLATE = utf8_bin ROW_FORMAT = Dynamic;

-- ----------------------------
-- Records of act_ru_suspended_job
-- ----------------------------

-- ----------------------------
-- Table structure for act_ru_task
-- ----------------------------
DROP TABLE IF EXISTS `act_ru_task`;
CREATE TABLE `act_ru_task`  (
  `ID_` varchar(64) CHARACTER SET utf8 COLLATE utf8_bin NOT NULL,
  `REV_` int(11) NULL DEFAULT NULL,
  `EXECUTION_ID_` varchar(64) CHARACTER SET utf8 COLLATE utf8_bin NULL DEFAULT NULL,
  `PROC_INST_ID_` varchar(64) CHARACTER SET utf8 COLLATE utf8_bin NULL DEFAULT NULL,
  `PROC_DEF_ID_` varchar(64) CHARACTER SET utf8 COLLATE utf8_bin NULL DEFAULT NULL,
  `NAME_` varchar(255) CHARACTER SET utf8 COLLATE utf8_bin NULL DEFAULT NULL,
  `PARENT_TASK_ID_` varchar(64) CHARACTER SET utf8 COLLATE utf8_bin NULL DEFAULT NULL,
  `DESCRIPTION_` varchar(4000) CHARACTER SET utf8 COLLATE utf8_bin NULL DEFAULT NULL,
  `TASK_DEF_KEY_` varchar(255) CHARACTER SET utf8 COLLATE utf8_bin NULL DEFAULT NULL,
  `OWNER_` varchar(255) CHARACTER SET utf8 COLLATE utf8_bin NULL DEFAULT NULL,
  `ASSIGNEE_` varchar(255) CHARACTER SET utf8 COLLATE utf8_bin NULL DEFAULT NULL,
  `DELEGATION_` varchar(64) CHARACTER SET utf8 COLLATE utf8_bin NULL DEFAULT NULL,
  `PRIORITY_` int(11) NULL DEFAULT NULL,
  `CREATE_TIME_` timestamp(3) NULL DEFAULT NULL,
  `DUE_DATE_` datetime(3) NULL DEFAULT NULL,
  `CATEGORY_` varchar(255) CHARACTER SET utf8 COLLATE utf8_bin NULL DEFAULT NULL,
  `SUSPENSION_STATE_` int(11) NULL DEFAULT NULL,
  `TENANT_ID_` varchar(255) CHARACTER SET utf8 COLLATE utf8_bin NULL DEFAULT '',
  `FORM_KEY_` varchar(255) CHARACTER SET utf8 COLLATE utf8_bin NULL DEFAULT NULL,
  `CLAIM_TIME_` datetime(3) NULL DEFAULT NULL,
  PRIMARY KEY (`ID_`) USING BTREE,
  INDEX `ACT_IDX_TASK_CREATE`(`CREATE_TIME_`) USING BTREE,
  INDEX `ACT_FK_TASK_EXE`(`EXECUTION_ID_`) USING BTREE,
  INDEX `ACT_FK_TASK_PROCINST`(`PROC_INST_ID_`) USING BTREE,
  INDEX `ACT_FK_TASK_PROCDEF`(`PROC_DEF_ID_`) USING BTREE,
  CONSTRAINT `ACT_FK_TASK_EXE` FOREIGN KEY (`EXECUTION_ID_`) REFERENCES `act_ru_execution` (`ID_`) ON DELETE RESTRICT ON UPDATE RESTRICT,
  CONSTRAINT `ACT_FK_TASK_PROCDEF` FOREIGN KEY (`PROC_DEF_ID_`) REFERENCES `act_re_procdef` (`ID_`) ON DELETE RESTRICT ON UPDATE RESTRICT,
  CONSTRAINT `ACT_FK_TASK_PROCINST` FOREIGN KEY (`PROC_INST_ID_`) REFERENCES `act_ru_execution` (`ID_`) ON DELETE RESTRICT ON UPDATE RESTRICT
) ENGINE = InnoDB CHARACTER SET = utf8 COLLATE = utf8_bin ROW_FORMAT = Dynamic;

-- ----------------------------
-- Records of act_ru_task
-- ----------------------------
INSERT INTO `act_ru_task` VALUES ('138024987110350005', 25, '138019806063780202', '138019806062670200', 'vocation:1:138019806002640199', '领导审批', NULL, NULL, 'Task_0lfpng3', NULL, '137957801228000182', NULL, 50, '2020-03-03 11:25:10.971', NULL, NULL, 1, '', NULL, '2020-06-24 16:01:12.692');
INSERT INTO `act_ru_task` VALUES ('138121740850560136', 6, '138121740847680133', '138121740846120131', 'vocation:1:138019806002640199', '主任审批', NULL, NULL, 'Task_0ib61dd', NULL, '137957801228000182', NULL, 50, '2020-06-23 11:01:24.934', NULL, NULL, 1, '', NULL, '2020-06-23 16:59:01.761');
INSERT INTO `act_ru_task` VALUES ('138121741043790148', 5, '138121741041390145', '138121741039550143', 'vocation:1:138019806002640199', '主任审批', NULL, NULL, 'Task_0ib61dd', NULL, NULL, NULL, 50, '2020-06-23 11:01:44.301', NULL, NULL, 1, '', NULL, NULL);
INSERT INTO `act_ru_task` VALUES ('138121888671690226', 3, '138121740944810139', '138121740943020137', 'vocation:1:138019806002640199', '领导审批', NULL, NULL, 'Task_0lfpng3', NULL, '137957801228000182', NULL, 50, '2020-06-23 15:07:47.057', NULL, NULL, 2, '', NULL, '2020-06-23 16:59:00.783');
INSERT INTO `act_ru_task` VALUES ('138122798034530222', 2, '138122798031630219', '138122798029770217', 'money:1:138122793839860216', '节点1', NULL, NULL, 'Task_1l25nyb', NULL, '137957801228000182', NULL, 50, '2020-06-24 16:23:23.340', NULL, NULL, 1, '', NULL, '2020-06-24 16:25:31.472');
INSERT INTO `act_ru_task` VALUES ('138122799724430229', 1, '138122799721870226', '138122799719940224', 'money:1:138122793839860216', '节点1', NULL, NULL, 'Task_1l25nyb', NULL, NULL, NULL, 50, '2020-06-24 16:26:12.362', NULL, NULL, 1, '', NULL, NULL);
INSERT INTO `act_ru_task` VALUES ('138122799765370235', 1, '138122799762860232', '138122799760930230', 'money:1:138122793839860216', '节点1', NULL, NULL, 'Task_1l25nyb', NULL, NULL, NULL, 50, '2020-06-24 16:26:16.456', NULL, NULL, 1, '', NULL, NULL);
INSERT INTO `act_ru_task` VALUES ('138122800443130241', 1, '138122800440740238', '138122800438910236', 'money:1:138122793839860216', '节点1', NULL, NULL, 'Task_1l25nyb', NULL, NULL, NULL, 50, '2020-06-24 16:27:24.233', NULL, NULL, 1, '', NULL, NULL);
INSERT INTO `act_ru_task` VALUES ('138122800489850247', 1, '138122800487440244', '138122800485510242', 'money:1:138122793839860216', '节点1', NULL, NULL, 'Task_1l25nyb', NULL, NULL, NULL, 50, '2020-06-24 16:27:28.903', NULL, NULL, 1, '', NULL, NULL);
INSERT INTO `act_ru_task` VALUES ('138122800534300253', 1, '138122800531860250', '138122800530010248', 'money:1:138122793839860216', '节点1', NULL, NULL, 'Task_1l25nyb', NULL, NULL, NULL, 50, '2020-06-24 16:27:33.351', NULL, NULL, 1, '', NULL, NULL);
INSERT INTO `act_ru_task` VALUES ('138122800568660003', 1, '138122800566200000', '138122800564380254', 'money:1:138122793839860216', '节点1', NULL, NULL, 'Task_1l25nyb', NULL, NULL, NULL, 50, '2020-06-24 16:27:36.786', NULL, NULL, 1, '', NULL, NULL);
INSERT INTO `act_ru_task` VALUES ('138122800611880009', 1, '138122800609450006', '138122800607660004', 'money:1:138122793839860216', '节点1', NULL, NULL, 'Task_1l25nyb', NULL, NULL, NULL, 50, '2020-06-24 16:27:41.108', NULL, NULL, 1, '', NULL, NULL);
INSERT INTO `act_ru_task` VALUES ('138122800704780015', 1, '138122800702190012', '138122800700350010', 'money:1:138122793839860216', '节点1', NULL, NULL, 'Task_1l25nyb', NULL, NULL, NULL, 50, '2020-06-24 16:27:50.394', NULL, NULL, 1, '', NULL, NULL);

-- ----------------------------
-- Table structure for act_ru_timer_job
-- ----------------------------
DROP TABLE IF EXISTS `act_ru_timer_job`;
CREATE TABLE `act_ru_timer_job`  (
  `ID_` varchar(64) CHARACTER SET utf8 COLLATE utf8_bin NOT NULL,
  `REV_` int(11) NULL DEFAULT NULL,
  `TYPE_` varchar(255) CHARACTER SET utf8 COLLATE utf8_bin NOT NULL,
  `LOCK_EXP_TIME_` timestamp(3) NULL DEFAULT NULL,
  `LOCK_OWNER_` varchar(255) CHARACTER SET utf8 COLLATE utf8_bin NULL DEFAULT NULL,
  `EXCLUSIVE_` tinyint(1) NULL DEFAULT NULL,
  `EXECUTION_ID_` varchar(64) CHARACTER SET utf8 COLLATE utf8_bin NULL DEFAULT NULL,
  `PROCESS_INSTANCE_ID_` varchar(64) CHARACTER SET utf8 COLLATE utf8_bin NULL DEFAULT NULL,
  `PROC_DEF_ID_` varchar(64) CHARACTER SET utf8 COLLATE utf8_bin NULL DEFAULT NULL,
  `RETRIES_` int(11) NULL DEFAULT NULL,
  `EXCEPTION_STACK_ID_` varchar(64) CHARACTER SET utf8 COLLATE utf8_bin NULL DEFAULT NULL,
  `EXCEPTION_MSG_` varchar(4000) CHARACTER SET utf8 COLLATE utf8_bin NULL DEFAULT NULL,
  `DUEDATE_` timestamp(3) NULL DEFAULT NULL,
  `REPEAT_` varchar(255) CHARACTER SET utf8 COLLATE utf8_bin NULL DEFAULT NULL,
  `HANDLER_TYPE_` varchar(255) CHARACTER SET utf8 COLLATE utf8_bin NULL DEFAULT NULL,
  `HANDLER_CFG_` varchar(4000) CHARACTER SET utf8 COLLATE utf8_bin NULL DEFAULT NULL,
  `TENANT_ID_` varchar(255) CHARACTER SET utf8 COLLATE utf8_bin NULL DEFAULT '',
  PRIMARY KEY (`ID_`) USING BTREE,
  INDEX `ACT_FK_TIMER_JOB_EXECUTION`(`EXECUTION_ID_`) USING BTREE,
  INDEX `ACT_FK_TIMER_JOB_PROCESS_INSTANCE`(`PROCESS_INSTANCE_ID_`) USING BTREE,
  INDEX `ACT_FK_TIMER_JOB_PROC_DEF`(`PROC_DEF_ID_`) USING BTREE,
  INDEX `ACT_FK_TIMER_JOB_EXCEPTION`(`EXCEPTION_STACK_ID_`) USING BTREE,
  CONSTRAINT `ACT_FK_TIMER_JOB_EXCEPTION` FOREIGN KEY (`EXCEPTION_STACK_ID_`) REFERENCES `act_ge_bytearray` (`ID_`) ON DELETE RESTRICT ON UPDATE RESTRICT,
  CONSTRAINT `ACT_FK_TIMER_JOB_EXECUTION` FOREIGN KEY (`EXECUTION_ID_`) REFERENCES `act_ru_execution` (`ID_`) ON DELETE RESTRICT ON UPDATE RESTRICT,
  CONSTRAINT `ACT_FK_TIMER_JOB_PROCESS_INSTANCE` FOREIGN KEY (`PROCESS_INSTANCE_ID_`) REFERENCES `act_ru_execution` (`ID_`) ON DELETE RESTRICT ON UPDATE RESTRICT,
  CONSTRAINT `ACT_FK_TIMER_JOB_PROC_DEF` FOREIGN KEY (`PROC_DEF_ID_`) REFERENCES `act_re_procdef` (`ID_`) ON DELETE RESTRICT ON UPDATE RESTRICT
) ENGINE = InnoDB CHARACTER SET = utf8 COLLATE = utf8_bin ROW_FORMAT = Dynamic;

-- ----------------------------
-- Records of act_ru_timer_job
-- ----------------------------

-- ----------------------------
-- Table structure for act_ru_variable
-- ----------------------------
DROP TABLE IF EXISTS `act_ru_variable`;
CREATE TABLE `act_ru_variable`  (
  `ID_` varchar(64) CHARACTER SET utf8 COLLATE utf8_bin NOT NULL,
  `REV_` int(11) NULL DEFAULT NULL,
  `TYPE_` varchar(255) CHARACTER SET utf8 COLLATE utf8_bin NOT NULL,
  `NAME_` varchar(255) CHARACTER SET utf8 COLLATE utf8_bin NOT NULL,
  `EXECUTION_ID_` varchar(64) CHARACTER SET utf8 COLLATE utf8_bin NULL DEFAULT NULL,
  `PROC_INST_ID_` varchar(64) CHARACTER SET utf8 COLLATE utf8_bin NULL DEFAULT NULL,
  `TASK_ID_` varchar(64) CHARACTER SET utf8 COLLATE utf8_bin NULL DEFAULT NULL,
  `BYTEARRAY_ID_` varchar(64) CHARACTER SET utf8 COLLATE utf8_bin NULL DEFAULT NULL,
  `DOUBLE_` double NULL DEFAULT NULL,
  `LONG_` bigint(20) NULL DEFAULT NULL,
  `TEXT_` varchar(4000) CHARACTER SET utf8 COLLATE utf8_bin NULL DEFAULT NULL,
  `TEXT2_` varchar(4000) CHARACTER SET utf8 COLLATE utf8_bin NULL DEFAULT NULL,
  PRIMARY KEY (`ID_`) USING BTREE,
  INDEX `ACT_IDX_VARIABLE_TASK_ID`(`TASK_ID_`) USING BTREE,
  INDEX `ACT_FK_VAR_EXE`(`EXECUTION_ID_`) USING BTREE,
  INDEX `ACT_FK_VAR_PROCINST`(`PROC_INST_ID_`) USING BTREE,
  INDEX `ACT_FK_VAR_BYTEARRAY`(`BYTEARRAY_ID_`) USING BTREE,
  CONSTRAINT `ACT_FK_VAR_BYTEARRAY` FOREIGN KEY (`BYTEARRAY_ID_`) REFERENCES `act_ge_bytearray` (`ID_`) ON DELETE RESTRICT ON UPDATE RESTRICT,
  CONSTRAINT `ACT_FK_VAR_EXE` FOREIGN KEY (`EXECUTION_ID_`) REFERENCES `act_ru_execution` (`ID_`) ON DELETE RESTRICT ON UPDATE RESTRICT,
  CONSTRAINT `ACT_FK_VAR_PROCINST` FOREIGN KEY (`PROC_INST_ID_`) REFERENCES `act_ru_execution` (`ID_`) ON DELETE RESTRICT ON UPDATE RESTRICT
) ENGINE = InnoDB CHARACTER SET = utf8 COLLATE = utf8_bin ROW_FORMAT = Dynamic;

-- ----------------------------
-- Records of act_ru_variable
-- ----------------------------

-- ----------------------------
-- Table structure for t_base_notice
-- ----------------------------
DROP TABLE IF EXISTS `t_base_notice`;
CREATE TABLE `t_base_notice`  (
  `id` varchar(40) CHARACTER SET utf8 COLLATE utf8_general_ci NOT NULL COMMENT '主键',
  `title` varchar(50) CHARACTER SET utf8 COLLATE utf8_general_ci NULL DEFAULT NULL COMMENT '标题',
  `shortly` varchar(150) CHARACTER SET utf8 COLLATE utf8_general_ci NULL DEFAULT NULL COMMENT '简要',
  `content` longtext CHARACTER SET utf8 COLLATE utf8_general_ci NULL COMMENT '正文',
  `types` tinyint(1) NULL DEFAULT NULL COMMENT '类型（通知、公告）',
  `add_time` timestamp(0) NOT NULL DEFAULT CURRENT_TIMESTAMP(0) ON UPDATE CURRENT_TIMESTAMP(0) COMMENT '添加时间',
  `add_user` varchar(40) CHARACTER SET utf8 COLLATE utf8_general_ci NULL DEFAULT NULL COMMENT '添加人',
  `status` tinyint(1) NULL DEFAULT NULL COMMENT '状态',
  `remark` varchar(100) CHARACTER SET utf8 COLLATE utf8_general_ci NULL DEFAULT NULL COMMENT '备注',
  PRIMARY KEY (`id`) USING BTREE
) ENGINE = InnoDB CHARACTER SET = utf8 COLLATE = utf8_general_ci COMMENT = '通知表' ROW_FORMAT = Dynamic;

-- ----------------------------
-- Records of t_base_notice
-- ----------------------------

-- ----------------------------
-- Table structure for t_base_notice_receiver
-- ----------------------------
DROP TABLE IF EXISTS `t_base_notice_receiver`;
CREATE TABLE `t_base_notice_receiver`  (
  `notice_id` varchar(40) CHARACTER SET utf8 COLLATE utf8_general_ci NULL DEFAULT NULL COMMENT '通知主键id',
  `user_id` varchar(40) CHARACTER SET utf8 COLLATE utf8_general_ci NULL DEFAULT NULL COMMENT '接收人员id',
  `is_read` tinyint(1) NULL DEFAULT NULL COMMENT '是否已读(0否；1是)'
) ENGINE = InnoDB CHARACTER SET = utf8 COLLATE = utf8_general_ci COMMENT = '消息收件人表' ROW_FORMAT = Dynamic;

-- ----------------------------
-- Records of t_base_notice_receiver
-- ----------------------------

-- ----------------------------
-- Table structure for t_c_dict
-- ----------------------------
DROP TABLE IF EXISTS `t_c_dict`;
CREATE TABLE `t_c_dict`  (
  `id` varchar(36) CHARACTER SET utf8 COLLATE utf8_general_ci NOT NULL COMMENT 'id',
  `parent_id` varchar(36) CHARACTER SET utf8 COLLATE utf8_general_ci NULL DEFAULT NULL COMMENT '父级id',
  `code` varchar(50) CHARACTER SET utf8 COLLATE utf8_general_ci NULL DEFAULT NULL COMMENT '字典编码',
  `value` varchar(50) CHARACTER SET utf8 COLLATE utf8_general_ci NULL DEFAULT NULL COMMENT '字典值',
  `type` varchar(30) CHARACTER SET utf8 COLLATE utf8_general_ci NULL DEFAULT NULL COMMENT '字典分类',
  `back_img` varchar(100) CHARACTER SET utf8 COLLATE utf8_general_ci NULL DEFAULT NULL COMMENT '背景图片',
  `icon` varchar(100) CHARACTER SET utf8 COLLATE utf8_general_ci NULL DEFAULT NULL COMMENT '图标',
  `is_delete` int(1) NULL DEFAULT NULL COMMENT '是否删除',
  `add_date` datetime(0) NULL DEFAULT NULL COMMENT '添加时间',
  `remark` varchar(100) CHARACTER SET utf8 COLLATE utf8_general_ci NULL DEFAULT NULL COMMENT '添加人',
  `value_en` varchar(100) CHARACTER SET utf8 COLLATE utf8_general_ci NULL DEFAULT NULL,
  `update_date` datetime(0) NULL DEFAULT NULL COMMENT '修改时间',
  `order_index` varchar(10) CHARACTER SET utf8 COLLATE utf8_general_ci NULL DEFAULT '0' COMMENT '序号',
  PRIMARY KEY (`id`) USING BTREE
) ENGINE = InnoDB CHARACTER SET = utf8 COLLATE = utf8_general_ci COMMENT = '字典表' ROW_FORMAT = Dynamic;

-- ----------------------------
-- Records of t_c_dict
-- ----------------------------
INSERT INTO `t_c_dict` VALUES ('138048459039850049', '0', 'power', '权限字典', 'power', NULL, NULL, 0, '2020-03-30 15:25:04', NULL, 'power', '2020-03-30 15:27:46', '0');
INSERT INTO `t_c_dict` VALUES ('138048461585020050', '138048459039850049', 'button', '按钮权限', 'power', NULL, NULL, 0, '2020-03-30 15:29:19', NULL, NULL, '2020-03-30 15:33:09', '0');
INSERT INTO `t_c_dict` VALUES ('138048461905500051', '138048459039850049', 'query', '查询权限', 'power', NULL, NULL, 0, '2020-03-30 15:29:51', NULL, NULL, '2020-03-30 15:33:14', '0');
INSERT INTO `t_c_dict` VALUES ('138048467952260043', '0', 'flow', '流程分类', 'flow', NULL, NULL, 0, '2020-03-30 15:39:55', NULL, 'flow', NULL, '0');

-- ----------------------------
-- Table structure for t_common_file
-- ----------------------------
DROP TABLE IF EXISTS `t_common_file`;
CREATE TABLE `t_common_file`  (
  `id` varchar(40) CHARACTER SET utf8 COLLATE utf8_general_ci NULL DEFAULT NULL COMMENT '主键id',
  `code` varchar(40) CHARACTER SET utf8 COLLATE utf8_general_ci NULL DEFAULT NULL COMMENT '文件编码',
  `ip` varchar(100) CHARACTER SET utf8 COLLATE utf8_general_ci NULL DEFAULT NULL COMMENT '服务器ip(用于下载)',
  `url` varchar(100) CHARACTER SET utf8 COLLATE utf8_general_ci NULL DEFAULT NULL COMMENT '文件url',
  `old_name` varchar(100) CHARACTER SET utf8 COLLATE utf8_general_ci NULL DEFAULT NULL COMMENT '文件原名',
  `name` varchar(100) CHARACTER SET utf8 COLLATE utf8_general_ci NULL DEFAULT NULL COMMENT '文件名',
  `type` varchar(30) CHARACTER SET utf8 COLLATE utf8_general_ci NULL DEFAULT NULL COMMENT '文件类型',
  `size` varchar(10) CHARACTER SET utf8 COLLATE utf8_general_ci NULL DEFAULT NULL COMMENT '文件大小',
  `order_index` varchar(10) CHARACTER SET utf8 COLLATE utf8_general_ci NULL DEFAULT NULL COMMENT '文件排序',
  `add_user` varchar(40) CHARACTER SET utf8 COLLATE utf8_general_ci NULL DEFAULT NULL COMMENT '添加人',
  `add_date` datetime(0) NULL DEFAULT NULL COMMENT '添加时间',
  `status` varchar(10) CHARACTER SET utf8 COLLATE utf8_general_ci NULL DEFAULT NULL COMMENT '状态（1_P：PC端首页轮播图；1_M：移动端首页轮播图；2_P：PC端业务领域；2_M:移动端业务领域; 3：用于新闻视频；4：简历附件；5：新闻附件;6：Word2Html 的图片;7_P：PC端关于我们；7_M:移动端关于我们；8：微信公众号图片）',
  `remark` varchar(200) CHARACTER SET utf8 COLLATE utf8_general_ci NULL DEFAULT NULL COMMENT '备注'
) ENGINE = InnoDB CHARACTER SET = utf8 COLLATE = utf8_general_ci COMMENT = '文件信息表' ROW_FORMAT = Dynamic;

-- ----------------------------
-- Records of t_common_file
-- ----------------------------
INSERT INTO `t_common_file` VALUES ('138019810911060242', 'I1582688291054', 'http://192.168.100.22:9092/common-sys', 'D:\\projectFile\\common\\file\\user_head\\', '1582687857215.jpg', '1582688291053.jpg', 'jpg', '24.04KB', '0', NULL, '2020-02-26 11:38:11', NULL, NULL);
INSERT INTO `t_common_file` VALUES ('138019811473720244', 'I1582688347319', 'http://192.168.100.22:9092/common-sys', 'D:\\projectFile\\common\\file\\user_head\\', '1576488648834.jpg', '1582688347319.jpg', 'jpg', '74.51KB', '1', NULL, '2020-02-26 11:39:07', NULL, NULL);
INSERT INTO `t_common_file` VALUES ('138019811573940246', 'I1582688357340', 'http://192.168.100.22:9092/common-sys', 'D:\\projectFile\\common\\file\\user_head\\', '1575448103433.png', '1582688357339.png', 'png', '47.54KB', '2', NULL, '2020-02-26 11:39:17', NULL, NULL);
INSERT INTO `t_common_file` VALUES ('138019811695210248', 'I1582688369465', 'http://192.168.100.22:9092/common-sys', 'D:\\projectFile\\common\\file\\user_head\\', '1575445390574.png', '1582688369465.png', 'png', '39.87KB', '3', NULL, '2020-02-26 11:39:30', NULL, NULL);
INSERT INTO `t_common_file` VALUES ('138019811844430250', 'I1582688384389', 'http://192.168.100.22:9092/common-sys', 'D:\\projectFile\\common\\file\\user_head\\', '1575450190973.png', '1582688384389.png', 'png', '42.83KB', '4', NULL, '2020-02-26 11:39:44', NULL, NULL);
INSERT INTO `t_common_file` VALUES ('138019814471960021', 'I1582688647144', 'http://192.168.100.22:9092/common-sys', 'D:\\projectFile\\common\\file\\user_head\\', '1578971721779.jpg', '1582688647143.jpg', 'jpg', '24.04KB', '5', NULL, '2020-02-26 11:44:07', NULL, NULL);
INSERT INTO `t_common_file` VALUES ('138021563947560220', 'I1582863594693', 'http://192.168.100.22:9092', 'D:\\projectFile\\common\\file\\user_head\\', '1582688347319.jpg', '1582863594684.jpg', 'jpg', '74.51KB', '6', NULL, '2020-02-28 12:19:55', NULL, NULL);
INSERT INTO `t_common_file` VALUES ('138021564373660221', 'I1582863637304', 'http://192.168.100.22:9092', 'D:\\projectFile\\common\\file\\user_head\\', 'Default.jpg', '1582863637304.jpg', 'jpg', '679.44KB', '7', NULL, '2020-02-28 12:20:37', NULL, NULL);

-- ----------------------------
-- Table structure for t_im_chat_record
-- ----------------------------
DROP TABLE IF EXISTS `t_im_chat_record`;
CREATE TABLE `t_im_chat_record`  (
  `id` varchar(40) CHARACTER SET utf8 COLLATE utf8_general_ci NOT NULL COMMENT '主键id',
  `msg_content` longtext CHARACTER SET utf8 COLLATE utf8_general_ci NULL COMMENT '消息内容',
  `send_time` datetime(0) NOT NULL COMMENT '发送时间',
  `sender_id` varchar(40) CHARACTER SET utf8 COLLATE utf8_general_ci NOT NULL COMMENT '发送人id',
  PRIMARY KEY (`id`) USING BTREE,
  UNIQUE INDEX `id`(`id`) USING BTREE,
  INDEX `send_time`(`send_time`) USING BTREE
) ENGINE = InnoDB CHARACTER SET = utf8 COLLATE = utf8_general_ci COMMENT = '聊天记录' ROW_FORMAT = Dynamic;

-- ----------------------------
-- Records of t_im_chat_record
-- ----------------------------
INSERT INTO `t_im_chat_record` VALUES ('137960299174870184', 'nihao', '2019-12-19 14:31:57', '137947366632550162');
INSERT INTO `t_im_chat_record` VALUES ('137960307525690008', 'nihao1', '2019-12-19 14:45:52', '137957801038610181');
INSERT INTO `t_im_chat_record` VALUES ('137960309539470029', 'zai', '2019-12-19 14:49:13', '137957801038610181');
INSERT INTO `t_im_chat_record` VALUES ('137960319891660070', '嗯嗯', '2019-12-19 15:06:28', '137947366632550162');
INSERT INTO `t_im_chat_record` VALUES ('137960339205430186', '张三，你好', '2019-12-19 15:38:39', '137947366809540163');
INSERT INTO `t_im_chat_record` VALUES ('137960339375500187', '李四 你也好', '2019-12-19 15:38:57', '137947366632550162');
INSERT INTO `t_im_chat_record` VALUES ('137960339512130188', '\n111', '2019-12-19 15:39:10', '137947366809540163');
INSERT INTO `t_im_chat_record` VALUES ('137960395755190206', '\n33', '2019-12-19 17:12:55', '137957801228000182');
INSERT INTO `t_im_chat_record` VALUES ('137960398403400207', 'e', '2019-12-19 17:17:20', '137957801228000182');
INSERT INTO `t_im_chat_record` VALUES ('137969627705990093', 'asdfa', '2019-12-30 09:39:30', '137957801038610181');
INSERT INTO `t_im_chat_record` VALUES ('137969627860330094', '11 ', '2019-12-30 09:39:51', '137957801228000182');
INSERT INTO `t_im_chat_record` VALUES ('137969627898410095', 'nihao', '2019-12-30 09:39:49', '137957801038610181');
INSERT INTO `t_im_chat_record` VALUES ('137969629314570096', '在干嘛', '2019-12-30 09:42:11', '137957801038610181');
INSERT INTO `t_im_chat_record` VALUES ('137969630001220097', '你在干嘛', '2019-12-30 09:43:20', '137957801038610181');
INSERT INTO `t_im_chat_record` VALUES ('137969630081310098', '你再干嘛', '2019-12-30 09:43:28', '137957801038610181');
INSERT INTO `t_im_chat_record` VALUES ('137969630196350099', '不知道', '2019-12-30 09:43:39', '137957801038610181');
INSERT INTO `t_im_chat_record` VALUES ('137969631116260100', '不知道哦', '2019-12-30 09:45:11', '137947366632550162');
INSERT INTO `t_im_chat_record` VALUES ('137969631301840101', '唉', '2019-12-30 09:45:30', '137947366632550162');
INSERT INTO `t_im_chat_record` VALUES ('138049333130350245', 'sfdsdf', '2020-03-31 15:41:52', '137957801228000182');

-- ----------------------------
-- Table structure for t_im_user_chat_relation
-- ----------------------------
DROP TABLE IF EXISTS `t_im_user_chat_relation`;
CREATE TABLE `t_im_user_chat_relation`  (
  `sender_id` varchar(40) CHARACTER SET utf8 COLLATE utf8_general_ci NOT NULL COMMENT '用户id',
  `receiver_id` varchar(40) CHARACTER SET utf8 COLLATE utf8_general_ci NOT NULL COMMENT '接收人id',
  `chat_id` varchar(40) CHARACTER SET utf8 COLLATE utf8_general_ci NOT NULL COMMENT '聊天列表id',
  `is_read` tinyint(1) NULL DEFAULT 0 COMMENT '是否已读',
  `is_deleted` tinyint(1) NULL DEFAULT 0 COMMENT '是否删除0否1是'
) ENGINE = InnoDB CHARACTER SET = utf8 COLLATE = utf8_general_ci COMMENT = '用户聊天列表关联表' ROW_FORMAT = Dynamic;

-- ----------------------------
-- Records of t_im_user_chat_relation
-- ----------------------------
INSERT INTO `t_im_user_chat_relation` VALUES ('137947366632550162', '137957801038610181', '137960299174870184', 1, 0);
INSERT INTO `t_im_user_chat_relation` VALUES ('137957801038610181', '137947366632550162', '137960299174870184', 1, 0);
INSERT INTO `t_im_user_chat_relation` VALUES ('137957801038610181', '137947366632550162', '137960307525690008', 1, 0);
INSERT INTO `t_im_user_chat_relation` VALUES ('137947366632550162', '137957801038610181', '137960307525690008', 1, 0);
INSERT INTO `t_im_user_chat_relation` VALUES ('137957801038610181', '137947366632550162', '137960309539470029', 1, 0);
INSERT INTO `t_im_user_chat_relation` VALUES ('137947366632550162', '137957801038610181', '137960309539470029', 1, 0);
INSERT INTO `t_im_user_chat_relation` VALUES ('137947366632550162', '137957801038610181', '137960319891660070', 1, 0);
INSERT INTO `t_im_user_chat_relation` VALUES ('137957801038610181', '137947366632550162', '137960319891660070', 1, 0);
INSERT INTO `t_im_user_chat_relation` VALUES ('137947366809540163', '137947366632550162', '137960339205430186', 1, 0);
INSERT INTO `t_im_user_chat_relation` VALUES ('137947366632550162', '137947366809540163', '137960339205430186', 1, 1);
INSERT INTO `t_im_user_chat_relation` VALUES ('137947366632550162', '137947366809540163', '137960339375500187', 1, 1);
INSERT INTO `t_im_user_chat_relation` VALUES ('137947366809540163', '137947366632550162', '137960339375500187', 1, 0);
INSERT INTO `t_im_user_chat_relation` VALUES ('137947366809540163', '137947366632550162', '137960339512130188', 1, 0);
INSERT INTO `t_im_user_chat_relation` VALUES ('137947366632550162', '137947366809540163', '137960339512130188', 1, 1);
INSERT INTO `t_im_user_chat_relation` VALUES ('137957801228000182', '137957801038610181', '137960395755190206', 1, 0);
INSERT INTO `t_im_user_chat_relation` VALUES ('137957801038610181', '137957801228000182', '137960395755190206', 1, 1);
INSERT INTO `t_im_user_chat_relation` VALUES ('137957801228000182', '137957801038610181', '137960398403400207', 1, 0);
INSERT INTO `t_im_user_chat_relation` VALUES ('137957801038610181', '137957801228000182', '137960398403400207', 1, 1);
INSERT INTO `t_im_user_chat_relation` VALUES ('137957801038610181', '137957801228000182', '137969627705990093', 1, 1);
INSERT INTO `t_im_user_chat_relation` VALUES ('137957801228000182', '137957801038610181', '137969627705990093', 1, 0);
INSERT INTO `t_im_user_chat_relation` VALUES ('137957801228000182', '137957801038610181', '137969627860330094', 1, 0);
INSERT INTO `t_im_user_chat_relation` VALUES ('137957801038610181', '137957801228000182', '137969627860330094', 1, 1);
INSERT INTO `t_im_user_chat_relation` VALUES ('137957801038610181', '137957801228000182', '137969627898410095', 1, 1);
INSERT INTO `t_im_user_chat_relation` VALUES ('137957801228000182', '137957801038610181', '137969627898410095', 1, 0);
INSERT INTO `t_im_user_chat_relation` VALUES ('137957801038610181', '137947366632550162', '137969629314570096', 1, 0);
INSERT INTO `t_im_user_chat_relation` VALUES ('137947366632550162', '137957801038610181', '137969629314570096', 1, 0);
INSERT INTO `t_im_user_chat_relation` VALUES ('137957801038610181', '137947366632550162', '137969630001220097', 1, 0);
INSERT INTO `t_im_user_chat_relation` VALUES ('137947366632550162', '137957801038610181', '137969630001220097', 1, 0);
INSERT INTO `t_im_user_chat_relation` VALUES ('137957801038610181', '137947366632550162', '137969630081310098', 1, 0);
INSERT INTO `t_im_user_chat_relation` VALUES ('137947366632550162', '137957801038610181', '137969630081310098', 1, 0);
INSERT INTO `t_im_user_chat_relation` VALUES ('137957801038610181', '137947366632550162', '137969630196350099', 1, 0);
INSERT INTO `t_im_user_chat_relation` VALUES ('137947366632550162', '137957801038610181', '137969630196350099', 1, 0);
INSERT INTO `t_im_user_chat_relation` VALUES ('137947366632550162', '137957801038610181', '137969631116260100', 1, 0);
INSERT INTO `t_im_user_chat_relation` VALUES ('137957801038610181', '137947366632550162', '137969631116260100', 1, 0);
INSERT INTO `t_im_user_chat_relation` VALUES ('137947366632550162', '137957801038610181', '137969631301840101', 1, 0);
INSERT INTO `t_im_user_chat_relation` VALUES ('137957801038610181', '137947366632550162', '137969631301840101', 1, 0);
INSERT INTO `t_im_user_chat_relation` VALUES ('137957801228000182', '137957801530030183', '138049333130350245', 1, 0);
INSERT INTO `t_im_user_chat_relation` VALUES ('137957801530030183', '137957801228000182', '138049333130350245', 1, 0);

-- ----------------------------
-- Table structure for t_menu_info
-- ----------------------------
DROP TABLE IF EXISTS `t_menu_info`;
CREATE TABLE `t_menu_info`  (
  `id` varchar(40) CHARACTER SET utf8 COLLATE utf8_general_ci NOT NULL COMMENT '主键id',
  `icon` varchar(40) CHARACTER SET utf8 COLLATE utf8_general_ci NULL DEFAULT NULL COMMENT '菜单图标',
  `name` varchar(50) CHARACTER SET utf8 COLLATE utf8_general_ci NULL DEFAULT NULL COMMENT '菜单名称',
  `url` varchar(100) CHARACTER SET utf8 COLLATE utf8_general_ci NULL DEFAULT NULL COMMENT '菜单url',
  `parent_id` varchar(40) CHARACTER SET utf8 COLLATE utf8_general_ci NULL DEFAULT NULL COMMENT '菜单父id',
  `belong_sys` varchar(40) CHARACTER SET utf8 COLLATE utf8_general_ci NULL DEFAULT NULL COMMENT '所属系统',
  `description` varchar(100) CHARACTER SET utf8 COLLATE utf8_general_ci NULL DEFAULT NULL COMMENT '菜单描述',
  `add_time` datetime(0) NULL DEFAULT NULL COMMENT '添加时间',
  `update_time` datetime(0) NULL DEFAULT NULL COMMENT '修改时间',
  `add_user` varchar(40) CHARACTER SET utf8 COLLATE utf8_general_ci NULL DEFAULT NULL COMMENT '添加人',
  `update_user` varchar(40) CHARACTER SET utf8 COLLATE utf8_general_ci NULL DEFAULT NULL COMMENT '修改人',
  `status` int(2) NULL DEFAULT NULL COMMENT '状态',
  `order_index` int(11) NULL DEFAULT NULL COMMENT '排序',
  PRIMARY KEY (`id`) USING BTREE
) ENGINE = InnoDB CHARACTER SET = utf8 COLLATE = utf8_general_ci COMMENT = '菜单表' ROW_FORMAT = Dynamic;

-- ----------------------------
-- Records of t_menu_info
-- ----------------------------
INSERT INTO `t_menu_info` VALUES ('137942193355460003', 'el-icon-setting\r\n', '系统设置', '/setting', '0', NULL, NULL, NULL, NULL, NULL, NULL, 0, 1);
INSERT INTO `t_menu_info` VALUES ('137942196536270004', 'el-icon-s-claim', '菜单管理', '/index/menus', '137942193355460003', NULL, NULL, NULL, NULL, NULL, NULL, 0, 1);
INSERT INTO `t_menu_info` VALUES ('137942196536270005', 'el-icon-user', '用户管理', '/index/user', '137942193355460003', NULL, NULL, NULL, NULL, NULL, NULL, 0, 1);
INSERT INTO `t_menu_info` VALUES ('137946318989310069', 'el-icon-userGroup', '用户组管理', '/index/user/group', '137942193355460003', NULL, '用户组管理', '2019-12-03 10:11:39', NULL, NULL, NULL, 0, 1);
INSERT INTO `t_menu_info` VALUES ('137946342445510070', 'el-icon-s-custom', '角色管理', '/index/role', '137942193355460003', NULL, '', '2019-12-03 10:50:45', NULL, NULL, NULL, 0, 1);
INSERT INTO `t_menu_info` VALUES ('137946342929040071', ' el-icon-warning', '权限管理', '/index/permission', '137942193355460003', NULL, '', '2019-12-03 10:51:33', NULL, NULL, NULL, 0, 1);
INSERT INTO `t_menu_info` VALUES ('137977581168090034', 'el-icon-s-cooperation', '办件中心', '/file', '0', NULL, NULL, '2020-01-08 14:35:17', NULL, NULL, NULL, NULL, NULL);
INSERT INTO `t_menu_info` VALUES ('137977581998230035', 'el-icon-s-check', '我办理的', '/index/doList', '137977581168090034', NULL, NULL, '2020-01-08 14:36:40', NULL, NULL, NULL, NULL, NULL);
INSERT INTO `t_menu_info` VALUES ('137977582215210036', 'el-icon-s-flag', '我发起的', '/index/startedList', '137977581168090034', NULL, '', '2020-01-08 14:37:02', NULL, NULL, NULL, NULL, NULL);
INSERT INTO `t_menu_info` VALUES ('137977582456900037', ' el-icon-s-opportunity', '我的草稿', '/index/draftList', '137977581168090034', NULL, '', '2020-01-08 14:37:26', NULL, NULL, NULL, NULL, NULL);
INSERT INTO `t_menu_info` VALUES ('137977582677090038', 'el-icon-s-promotion', '抄送我的', '/index/copyList', '137977581168090034', NULL, '', '2020-01-08 14:37:48', NULL, NULL, NULL, NULL, NULL);
INSERT INTO `t_menu_info` VALUES ('137977590181700102', 'el-icon-more', '流程中心', '/flow', '0', NULL, NULL, '2020-01-08 14:50:18', NULL, NULL, NULL, NULL, NULL);
INSERT INTO `t_menu_info` VALUES ('137977591923650103', 'el-icon-s-management', '模型管理', '/index/model', '137977590181700102', NULL, NULL, '2020-01-08 14:53:12', NULL, NULL, NULL, NULL, NULL);
INSERT INTO `t_menu_info` VALUES ('137977592340820104', 'el-icon-s-tools', '流程管理', '/index/flowSetting', '137977590181700102', NULL, NULL, '2020-01-08 14:53:54', NULL, NULL, NULL, NULL, NULL);
INSERT INTO `t_menu_info` VALUES ('138048424260300016', 'el-icon-coin', '字典管理', '/index/dict', '137942193355460003', NULL, NULL, '2020-03-30 14:27:06', NULL, NULL, NULL, NULL, NULL);
INSERT INTO `t_menu_info` VALUES ('138118456612390167', 'el-icon-s-check', '我的待办', '/index/todoList', '137977581168090034', NULL, '', '2020-06-19 15:47:41', NULL, NULL, NULL, 0, 1);
INSERT INTO `t_menu_info` VALUES ('138118483169270168', 'el-icon-s-check', '我转办的', '/index/transferList', '137977581168090034', NULL, '', '2020-06-19 16:31:57', NULL, NULL, NULL, 0, 1);

-- ----------------------------
-- Table structure for t_menu_permission_relation
-- ----------------------------
DROP TABLE IF EXISTS `t_menu_permission_relation`;
CREATE TABLE `t_menu_permission_relation`  (
  `id` varchar(40) CHARACTER SET utf8 COLLATE utf8_general_ci NOT NULL COMMENT '主键id',
  `menu_id` varchar(40) CHARACTER SET utf8 COLLATE utf8_general_ci NOT NULL COMMENT '菜单id',
  `permission_id` varchar(40) CHARACTER SET utf8 COLLATE utf8_general_ci NOT NULL COMMENT '权限id',
  PRIMARY KEY (`id`) USING BTREE
) ENGINE = InnoDB CHARACTER SET = utf8 COLLATE = utf8_general_ci COMMENT = '菜单权限关联表' ROW_FORMAT = Dynamic;

-- ----------------------------
-- Records of t_menu_permission_relation
-- ----------------------------

-- ----------------------------
-- Table structure for t_operation_info
-- ----------------------------
DROP TABLE IF EXISTS `t_operation_info`;
CREATE TABLE `t_operation_info`  (
  `id` varchar(40) CHARACTER SET utf8 COLLATE utf8_general_ci NOT NULL COMMENT '主键id',
  `name` varchar(50) CHARACTER SET utf8 COLLATE utf8_general_ci NOT NULL COMMENT '操作名称',
  `code` varchar(50) CHARACTER SET utf8 COLLATE utf8_general_ci NOT NULL COMMENT '操作编码',
  `prefix_url` varchar(100) CHARACTER SET utf8 COLLATE utf8_general_ci NULL DEFAULT NULL COMMENT '拦截url前缀',
  `p_id` varchar(40) CHARACTER SET utf8 COLLATE utf8_general_ci NULL DEFAULT NULL COMMENT '操作父id',
  `add_time` datetime(0) NULL DEFAULT NULL COMMENT '添加时间',
  `update_time` datetime(0) NULL DEFAULT NULL COMMENT '修改时间',
  `add_user` varchar(40) CHARACTER SET utf8 COLLATE utf8_general_ci NULL DEFAULT NULL COMMENT '添加人',
  `update_user` varchar(40) CHARACTER SET utf8 COLLATE utf8_general_ci NULL DEFAULT NULL COMMENT '修改人',
  `status` int(2) NULL DEFAULT NULL COMMENT '状态',
  PRIMARY KEY (`id`) USING BTREE
) ENGINE = InnoDB CHARACTER SET = utf8 COLLATE = utf8_general_ci COMMENT = '功能操作表' ROW_FORMAT = Dynamic;

-- ----------------------------
-- Records of t_operation_info
-- ----------------------------

-- ----------------------------
-- Table structure for t_operation_permission_relation
-- ----------------------------
DROP TABLE IF EXISTS `t_operation_permission_relation`;
CREATE TABLE `t_operation_permission_relation`  (
  `id` varchar(40) CHARACTER SET utf8 COLLATE utf8_general_ci NOT NULL COMMENT '主键id',
  `operate_id` varchar(40) CHARACTER SET utf8 COLLATE utf8_general_ci NOT NULL COMMENT '功能操作id',
  `permission_id` varchar(40) CHARACTER SET utf8 COLLATE utf8_general_ci NOT NULL COMMENT '权限id',
  PRIMARY KEY (`id`) USING BTREE
) ENGINE = InnoDB CHARACTER SET = utf8 COLLATE = utf8_general_ci COMMENT = '权限与功能操作关联表' ROW_FORMAT = Dynamic;

-- ----------------------------
-- Records of t_operation_permission_relation
-- ----------------------------

-- ----------------------------
-- Table structure for t_permission_info
-- ----------------------------
DROP TABLE IF EXISTS `t_permission_info`;
CREATE TABLE `t_permission_info`  (
  `id` varchar(40) CHARACTER SET utf8 COLLATE utf8_general_ci NOT NULL COMMENT '主键id',
  `type` varchar(30) CHARACTER SET utf8 COLLATE utf8_general_ci NOT NULL COMMENT '权限类型',
  `name` varchar(100) CHARACTER SET utf8 COLLATE utf8_general_ci NULL DEFAULT NULL,
  `code` varchar(50) CHARACTER SET utf8 COLLATE utf8_general_ci NULL DEFAULT NULL,
  `description` varchar(100) CHARACTER SET utf8 COLLATE utf8_general_ci NULL DEFAULT NULL COMMENT '权限描述',
  `add_time` datetime(0) NULL DEFAULT NULL COMMENT '添加时间',
  `update_time` datetime(0) NULL DEFAULT NULL COMMENT '修改时间',
  `add_user` varchar(40) CHARACTER SET utf8 COLLATE utf8_general_ci NULL DEFAULT NULL COMMENT '添加人',
  `update_user` varchar(40) CHARACTER SET utf8 COLLATE utf8_general_ci NULL DEFAULT NULL COMMENT '修改人',
  `status` int(2) NULL DEFAULT NULL COMMENT '状态',
  PRIMARY KEY (`id`) USING BTREE
) ENGINE = InnoDB CHARACTER SET = utf8 COLLATE = utf8_general_ci COMMENT = '权限表' ROW_FORMAT = Dynamic;

-- ----------------------------
-- Records of t_permission_info
-- ----------------------------
INSERT INTO `t_permission_info` VALUES ('138049142025600226', 'button', '删除', 'del', '流程删除', '2020-03-31 10:23:23', NULL, NULL, NULL, 1);
INSERT INTO `t_permission_info` VALUES ('138049156440060239', 'query', '流程查询', 'flow-query', '流程查询', '2020-03-31 10:47:24', NULL, NULL, NULL, 1);

-- ----------------------------
-- Table structure for t_role_group_relation
-- ----------------------------
DROP TABLE IF EXISTS `t_role_group_relation`;
CREATE TABLE `t_role_group_relation`  (
  `id` varchar(40) CHARACTER SET utf8 COLLATE utf8_general_ci NOT NULL COMMENT '主键id',
  `role_id` varchar(40) CHARACTER SET utf8 COLLATE utf8_general_ci NOT NULL COMMENT '角色id',
  `user_group_id` varchar(40) CHARACTER SET utf8 COLLATE utf8_general_ci NOT NULL COMMENT '用户组id',
  PRIMARY KEY (`id`) USING BTREE
) ENGINE = InnoDB CHARACTER SET = utf8 COLLATE = utf8_general_ci COMMENT = '角色与用户组关联表' ROW_FORMAT = Dynamic;

-- ----------------------------
-- Records of t_role_group_relation
-- ----------------------------

-- ----------------------------
-- Table structure for t_role_info
-- ----------------------------
DROP TABLE IF EXISTS `t_role_info`;
CREATE TABLE `t_role_info`  (
  `id` varchar(40) CHARACTER SET utf8 COLLATE utf8_general_ci NOT NULL COMMENT '主键id',
  `name` varchar(50) CHARACTER SET utf8 COLLATE utf8_general_ci NULL DEFAULT NULL COMMENT '角色名',
  `description` varchar(100) CHARACTER SET utf8 COLLATE utf8_general_ci NULL DEFAULT NULL COMMENT '角色描述',
  `add_time` datetime(0) NULL DEFAULT NULL COMMENT '添加时间',
  `update_time` datetime(0) NULL DEFAULT NULL COMMENT '修改时间',
  `add_user` varchar(40) CHARACTER SET utf8 COLLATE utf8_general_ci NULL DEFAULT NULL COMMENT '添加人',
  `update_user` varchar(40) CHARACTER SET utf8 COLLATE utf8_general_ci NULL DEFAULT NULL COMMENT '修改人',
  `status` int(2) NULL DEFAULT NULL COMMENT '状态',
  PRIMARY KEY (`id`) USING BTREE
) ENGINE = InnoDB CHARACTER SET = utf8 COLLATE = utf8_general_ci COMMENT = '角色表' ROW_FORMAT = Dynamic;

-- ----------------------------
-- Records of t_role_info
-- ----------------------------
INSERT INTO `t_role_info` VALUES ('137947333778190048', '管理员', '2121122', '2019-12-04 14:22:58', '2020-03-31 11:07:52', NULL, NULL, 1);
INSERT INTO `t_role_info` VALUES ('137947333945260049', '普通角色', '', '2019-12-04 14:23:15', '2020-03-31 11:07:15', NULL, NULL, 1);

-- ----------------------------
-- Table structure for t_role_permission_relation
-- ----------------------------
DROP TABLE IF EXISTS `t_role_permission_relation`;
CREATE TABLE `t_role_permission_relation`  (
  `permission_id` varchar(40) CHARACTER SET utf8 COLLATE utf8_general_ci NOT NULL COMMENT '权限id',
  `role_id` varchar(40) CHARACTER SET utf8 COLLATE utf8_general_ci NOT NULL COMMENT '角色id',
  `type` varchar(20) CHARACTER SET utf8 COLLATE utf8_general_ci NULL DEFAULT NULL COMMENT '权限类型'
) ENGINE = InnoDB CHARACTER SET = utf8 COLLATE = utf8_general_ci COMMENT = '角色与权限关联表' ROW_FORMAT = Dynamic;

-- ----------------------------
-- Records of t_role_permission_relation
-- ----------------------------
INSERT INTO `t_role_permission_relation` VALUES ('138049142025600226', '137947333778190048', 'other');
INSERT INTO `t_role_permission_relation` VALUES ('137977581168090034', '137947333945260049', 'menu');
INSERT INTO `t_role_permission_relation` VALUES ('137977581998230035', '137947333945260049', 'menu');
INSERT INTO `t_role_permission_relation` VALUES ('137977582215210036', '137947333945260049', 'menu');
INSERT INTO `t_role_permission_relation` VALUES ('137977582456900037', '137947333945260049', 'menu');
INSERT INTO `t_role_permission_relation` VALUES ('137977582677090038', '137947333945260049', 'menu');
INSERT INTO `t_role_permission_relation` VALUES ('137977590181700102', '137947333945260049', 'menu');
INSERT INTO `t_role_permission_relation` VALUES ('137977591923650103', '137947333945260049', 'menu');
INSERT INTO `t_role_permission_relation` VALUES ('137977592340820104', '137947333945260049', 'menu');
INSERT INTO `t_role_permission_relation` VALUES ('138049142025600226', '137947333945260049', 'other');
INSERT INTO `t_role_permission_relation` VALUES ('138049156440060239', '137947333945260049', 'other');
INSERT INTO `t_role_permission_relation` VALUES ('137977581168090034', '137947333778190048', 'menu');
INSERT INTO `t_role_permission_relation` VALUES ('137977581998230035', '137947333778190048', 'menu');
INSERT INTO `t_role_permission_relation` VALUES ('137977582215210036', '137947333778190048', 'menu');
INSERT INTO `t_role_permission_relation` VALUES ('137977582456900037', '137947333778190048', 'menu');
INSERT INTO `t_role_permission_relation` VALUES ('137977582677090038', '137947333778190048', 'menu');
INSERT INTO `t_role_permission_relation` VALUES ('138118456612390167', '137947333778190048', 'menu');
INSERT INTO `t_role_permission_relation` VALUES ('137977590181700102', '137947333778190048', 'menu');
INSERT INTO `t_role_permission_relation` VALUES ('137977591923650103', '137947333778190048', 'menu');
INSERT INTO `t_role_permission_relation` VALUES ('137977592340820104', '137947333778190048', 'menu');
INSERT INTO `t_role_permission_relation` VALUES ('137942193355460003', '137947333778190048', 'menu');
INSERT INTO `t_role_permission_relation` VALUES ('138048424260300016', '137947333778190048', 'menu');
INSERT INTO `t_role_permission_relation` VALUES ('137942196536270004', '137947333778190048', 'menu');
INSERT INTO `t_role_permission_relation` VALUES ('137942196536270005', '137947333778190048', 'menu');
INSERT INTO `t_role_permission_relation` VALUES ('137946318989310069', '137947333778190048', 'menu');
INSERT INTO `t_role_permission_relation` VALUES ('137946342445510070', '137947333778190048', 'menu');
INSERT INTO `t_role_permission_relation` VALUES ('137946342929040071', '137947333778190048', 'menu');

-- ----------------------------
-- Table structure for t_sys_log_err
-- ----------------------------
DROP TABLE IF EXISTS `t_sys_log_err`;
CREATE TABLE `t_sys_log_err`  (
  `id` varchar(50) CHARACTER SET utf8 COLLATE utf8_general_ci NOT NULL COMMENT '主键',
  `sys_type` varchar(50) CHARACTER SET utf8 COLLATE utf8_general_ci NULL DEFAULT NULL COMMENT '系统类型',
  `account` varchar(20) CHARACTER SET utf8 COLLATE utf8_general_ci NULL DEFAULT NULL COMMENT '帐号',
  `ip_source` varchar(30) CHARACTER SET utf8 COLLATE utf8_general_ci NULL DEFAULT NULL COMMENT 'IP来源',
  `ip_address` varchar(255) CHARACTER SET utf8 COLLATE utf8_general_ci NULL DEFAULT NULL COMMENT 'IP地址',
  `status` varchar(64) CHARACTER SET utf8 COLLATE utf8_general_ci NULL DEFAULT NULL COMMENT '状态：unchecked，checked，fixed',
  `url` varchar(1500) CHARACTER SET utf8 COLLATE utf8_general_ci NULL DEFAULT NULL COMMENT '错误URL',
  `content` text CHARACTER SET utf8 COLLATE utf8_general_ci NULL COMMENT '出错信息',
  `request_param` text CHARACTER SET utf8 COLLATE utf8_general_ci NULL COMMENT '请求参数',
  `create_time` datetime(0) NULL DEFAULT NULL COMMENT '出错时间',
  `stack_trace` longtext CHARACTER SET utf8 COLLATE utf8_general_ci NULL COMMENT '出错异常堆栈',
  PRIMARY KEY (`id`) USING BTREE
) ENGINE = InnoDB CHARACTER SET = utf8 COLLATE = utf8_general_ci COMMENT = '系统异常日志' ROW_FORMAT = Dynamic;

-- ----------------------------
-- Records of t_sys_log_err
-- ----------------------------
INSERT INTO `t_sys_log_err` VALUES ('138048441951880192', 'common', '获取用户信息为空', '127.0.0.1,0:0:0:0:0:0:0:1', '172.16.10.222', NULL, '/api/rest/dict/tree', '\r\n### Error querying database.  Cause: java.sql.SQLSyntaxErrorException: Table \'base_server.t_dict\' doesn\'t exist\r\n### The error may exist in com/common/server/modules/dict/mapper/DictMapper.java (best guess)\r\n### The error may involve defaultParameterMap\r\n### The error occurred while setting parameters\r\n### SQL: SELECT  id,update_date,code,is_delete,icon,remark,p_id,type,add_date,back_img,value_en,order_index,value  FROM t_dict           ORDER BY order_index ASC\r\n### Cause: java.sql.SQLSyntaxErrorException: Table \'base_server.t_dict\' doesn\'t exist\n; bad SQL grammar []; nested exception is java.sql.SQLSyntaxErrorException: Table \'base_server.t_dict\' doesn\'t exist', '[Dict(id=null, pId=null, code=null, value=null, type=null, backImg=null, icon=null, isDelete=null, addDate=null, remark=null, valueEn=null, updateDate=null, orderIndex=null)]', '2020-03-30 14:56:35', '[{\"className\":\"org.springframework.jdbc.support.SQLErrorCodeSQLExceptionTranslator\",\"fileName\":\"SQLErrorCodeSQLExceptionTranslator.java\",\"lineNumber\":235,\"methodName\":\"doTranslate\",\"nativeMethod\":false},{\"className\":\"org.springframework.jdbc.support.AbstractFallbackSQLExceptionTranslator\",\"fileName\":\"AbstractFallbackSQLExceptionTranslator.java\",\"lineNumber\":72,\"methodName\":\"translate\",\"nativeMethod\":false},{\"className\":\"org.mybatis.spring.MyBatisExceptionTranslator\",\"fileName\":\"MyBatisExceptionTranslator.java\",\"lineNumber\":74,\"methodName\":\"translateExceptionIfPossible\",\"nativeMethod\":false},{\"className\":\"org.mybatis.spring.SqlSessionTemplate$SqlSessionInterceptor\",\"fileName\":\"SqlSessionTemplate.java\",\"lineNumber\":440,\"methodName\":\"invoke\",\"nativeMethod\":false},{\"className\":\"com.sun.proxy.$Proxy152\",\"lineNumber\":-1,\"methodName\":\"selectList\",\"nativeMethod\":false},{\"className\":\"org.mybatis.spring.SqlSessionTemplate\",\"fileName\":\"SqlSessionTemplate.java\",\"lineNumber\":223,\"methodName\":\"selectList\",\"nativeMethod\":false},{\"className\":\"com.baomidou.mybatisplus.core.override.MybatisMapperMethod\",\"fileName\":\"MybatisMapperMethod.java\",\"lineNumber\":158,\"methodName\":\"executeForMany\",\"nativeMethod\":false},{\"className\":\"com.baomidou.mybatisplus.core.override.MybatisMapperMethod\",\"fileName\":\"MybatisMapperMethod.java\",\"lineNumber\":76,\"methodName\":\"execute\",\"nativeMethod\":false},{\"className\":\"com.baomidou.mybatisplus.core.override.MybatisMapperProxy\",\"fileName\":\"MybatisMapperProxy.java\",\"lineNumber\":61,\"methodName\":\"invoke\",\"nativeMethod\":false},{\"className\":\"com.sun.proxy.$Proxy163\",\"lineNumber\":-1,\"methodName\":\"selectList\",\"nativeMethod\":false},{\"className\":\"com.common.server.modules.dict.service.impl.DictServiceImpl\",\"fileName\":\"DictServiceImpl.java\",\"lineNumber\":38,\"methodName\":\"getDictTree\",\"nativeMethod\":false},{\"className\":\"com.common.server.modules.dict.service.impl.DictServiceImpl$$FastClassBySpringCGLIB$$5707fc66\",\"fileName\":\"<generated>\",\"lineNumber\":-1,\"methodName\":\"invoke\",\"nativeMethod\":false},{\"className\":\"org.springframework.cglib.proxy.MethodProxy\",\"fileName\":\"MethodProxy.java\",\"lineNumber\":218,\"methodName\":\"invoke\",\"nativeMethod\":false},{\"className\":\"org.springframework.aop.framework.CglibAopProxy$DynamicAdvisedInterceptor\",\"fileName\":\"CglibAopProxy.java\",\"lineNumber\":685,\"methodName\":\"intercept\",\"nativeMethod\":false},{\"className\":\"com.common.server.modules.dict.service.impl.DictServiceImpl$$EnhancerBySpringCGLIB$$fb17ca4e\",\"fileName\":\"<generated>\",\"lineNumber\":-1,\"methodName\":\"getDictTree\",\"nativeMethod\":false},{\"className\":\"com.common.server.modules.dict.controller.DictController\",\"fileName\":\"DictController.java\",\"lineNumber\":40,\"methodName\":\"getTreeList\",\"nativeMethod\":false},{\"className\":\"com.common.server.modules.dict.controller.DictController$$FastClassBySpringCGLIB$$5c41f048\",\"fileName\":\"<generated>\",\"lineNumber\":-1,\"methodName\":\"invoke\",\"nativeMethod\":false},{\"className\":\"org.springframework.cglib.proxy.MethodProxy\",\"fileName\":\"MethodProxy.java\",\"lineNumber\":218,\"methodName\":\"invoke\",\"nativeMethod\":false},{\"className\":\"org.springframework.aop.framework.CglibAopProxy$CglibMethodInvocation\",\"fileName\":\"CglibAopProxy.java\",\"lineNumber\":769,\"methodName\":\"invokeJoinpoint\",\"nativeMethod\":false},{\"className\":\"org.springframework.aop.framework.ReflectiveMethodInvocation\",\"fileName\":\"ReflectiveMethodInvocation.java\",\"lineNumber\":163,\"methodName\":\"proceed\",\"nativeMethod\":false},{\"className\":\"org.springframework.aop.framework.CglibAopProxy$CglibMethodInvocation\",\"fileName\":\"CglibAopProxy.java\",\"lineNumber\":747,\"methodName\":\"proceed\",\"nativeMethod\":false},{\"className\":\"org.springframework.aop.framework.adapter.MethodBeforeAdviceInterceptor\",\"fileName\":\"MethodBeforeAdviceInterceptor.java\",\"lineNumber\":56,\"methodName\":\"invoke\",\"nativeMethod\":false},{\"className\":\"org.springframework.aop.framework.ReflectiveMethodInvocation\",\"fileName\":\"ReflectiveMethodInvocation.java\",\"lineNumber\":186,\"methodName\":\"proceed\",\"nativeMethod\":false},{\"className\":\"org.springframework.aop.framework.CglibAopProxy$CglibMethodInvocation\",\"fileName\":\"CglibAopProxy.java\",\"lineNumber\":747,\"methodName\":\"proceed\",\"nativeMethod\":false},{\"className\":\"org.springframework.aop.aspectj.MethodInvocationProceedingJoinPoint\",\"fileName\":\"MethodInvocationProceedingJoinPoint.java\",\"lineNumber\":88,\"methodName\":\"proceed\",\"nativeMethod\":false},{\"className\":\"com.common.server.common.aspect.SysLogAspect\",\"fileName\":\"SysLogAspect.java\",\"lineNumber\":68,\"methodName\":\"doAround\",\"nativeMethod\":false},{\"className\":\"sun.reflect.GeneratedMethodAccessor148\",\"lineNumber\":-1,\"methodName\":\"invoke\",\"nativeMethod\":false},{\"className\":\"sun.reflect.DelegatingMethodAccessorImpl\",\"fileName\":\"DelegatingMethodAccessorImpl.java\",\"lineNumber\":43,\"methodName\":\"invoke\",\"nativeMethod\":false},{\"className\":\"java.lang.reflect.Method\",\"fileName\":\"Method.java\",\"lineNumber\":498,\"methodName\":\"invoke\",\"nativeMethod\":false},{\"className\":\"org.springframework.aop.aspectj.AbstractAspectJAdvice\",\"fileName\":\"AbstractAspectJAdvice.java\",\"lineNumber\":644,\"methodName\":\"invokeAdviceMethodWithGivenArgs\",\"nativeMethod\":false},{\"className\":\"org.springframework.aop.aspectj.AbstractAspectJAdvice\",\"fileName\":\"AbstractAspectJAdvice.java\",\"lineNumber\":633,\"methodName\":\"invokeAdviceMethod\",\"nativeMethod\":false},{\"className\":\"org.springframework.aop.aspectj.AspectJAroundAdvice\",\"fileName\":\"AspectJAroundAdvice.java\",\"lineNumber\":70,\"methodName\":\"invoke\",\"nativeMethod\":false},{\"className\":\"org.springframework.aop.framework.ReflectiveMethodInvocation\",\"fileName\":\"ReflectiveMethodInvocation.java\",\"lineNumber\":186,\"methodName\":\"proceed\",\"nativeMethod\":false},{\"className\":\"org.springframework.aop.framework.CglibAopProxy$CglibMethodInvocation\",\"fileName\":\"CglibAopProxy.java\",\"lineNumber\":747,\"methodName\":\"proceed\",\"nativeMethod\":false},{\"className\":\"org.springframework.aop.framework.adapter.AfterReturningAdviceInterceptor\",\"fileName\":\"AfterReturningAdviceInterceptor.java\",\"lineNumber\":55,\"methodName\":\"invoke\",\"nativeMethod\":false},{\"className\":\"org.springframework.aop.framework.ReflectiveMethodInvocation\",\"fileName\":\"ReflectiveMethodInvocation.java\",\"lineNumber\":186,\"methodName\":\"proceed\",\"nativeMethod\":false},{\"className\":\"org.springframework.aop.framework.CglibAopProxy$CglibMethodInvocation\",\"fileName\":\"CglibAopProxy.java\",\"lineNumber\":747,\"methodName\":\"proceed\",\"nativeMethod\":false},{\"className\":\"org.springframework.aop.aspectj.AspectJAfterThrowingAdvice\",\"fileName\":\"AspectJAfterThrowingAdvice.java\",\"lineNumber\":62,\"methodName\":\"invoke\",\"nativeMethod\":false},{\"className\":\"org.springframework.aop.framework.ReflectiveMethodInvocation\",\"fileName\":\"ReflectiveMethodInvocation.java\",\"lineNumber\":186,\"methodName\":\"proceed\",\"nativeMethod\":false},{\"className\":\"org.springframework.aop.framework.CglibAopProxy$CglibMethodInvocation\",\"fileName\":\"CglibAopProxy.java\",\"lineNumber\":747,\"methodName\":\"proceed\",\"nativeMethod\":false},{\"className\":\"org.springframework.aop.interceptor.ExposeInvocationInterceptor\",\"fileName\":\"ExposeInvocationInterceptor.java\",\"lineNumber\":93,\"methodName\":\"invoke\",\"nativeMethod\":false},{\"className\":\"org.springframework.aop.framework.ReflectiveMethodInvocation\",\"fileName\":\"ReflectiveMethodInvocation.java\",\"lineNumber\":186,\"methodName\":\"proceed\",\"nativeMethod\":false},{\"className\":\"org.springframework.aop.framework.CglibAopProxy$CglibMethodInvocation\",\"fileName\":\"CglibAopProxy.java\",\"lineNumber\":747,\"methodName\":\"proceed\",\"nativeMethod\":false},{\"className\":\"org.springframework.aop.framework.CglibAopProxy$DynamicAdvisedInterceptor\",\"fileName\":\"CglibAopProxy.java\",\"lineNumber\":689,\"methodName\":\"intercept\",\"nativeMethod\":false},{\"className\":\"com.common.server.modules.dict.controller.DictController$$EnhancerBySpringCGLIB$$1cea7588\",\"fileName\":\"<generated>\",\"lineNumber\":-1,\"methodName\":\"getTreeList\",\"nativeMethod\":false},{\"className\":\"sun.reflect.NativeMethodAccessorImpl\",\"fileName\":\"NativeMethodAccessorImpl.java\",\"lineNumber\":-2,\"methodName\":\"invoke0\",\"nativeMethod\":true},{\"className\":\"sun.reflect.NativeMethodAccessorImpl\",\"fileName\":\"NativeMethodAccessorImpl.java\",\"lineNumber\":62,\"methodName\":\"invoke\",\"nativeMethod\":false},{\"className\":\"sun.reflect.DelegatingMethodAccessorImpl\",\"fileName\":\"DelegatingMethodAccessorImpl.java\",\"lineNumber\":43,\"methodName\":\"invoke\",\"nativeMethod\":false},{\"className\":\"java.lang.reflect.Method\",\"fileName\":\"Method.java\",\"lineNumber\":498,\"methodName\":\"invoke\",\"nativeMethod\":false},{\"className\":\"org.springframework.web.method.support.InvocableHandlerMethod\",\"fileName\":\"InvocableHandlerMethod.java\",\"lineNumber\":190,\"methodName\":\"doInvoke\",\"nativeMethod\":false},{\"className\":\"org.springframework.web.method.support.InvocableHandlerMethod\",\"fileName\":\"InvocableHandlerMethod.java\",\"lineNumber\":138,\"methodName\":\"invokeForRequest\",\"nativeMethod\":false},{\"className\":\"org.springframework.web.servlet.mvc.method.annotation.ServletInvocableHandlerMethod\",\"fileName\":\"ServletInvocableHandlerMethod.java\",\"lineNumber\":106,\"methodName\":\"invokeAndHandle\",\"nativeMethod\":false},{\"className\":\"org.springframework.web.servlet.mvc.method.annotation.RequestMappingHandlerAdapter\",\"fileName\":\"RequestMappingHandlerAdapter.java\",\"lineNumber\":888,\"methodName\":\"invokeHandlerMethod\",\"nativeMethod\":false},{\"className\":\"org.springframework.web.servlet.mvc.method.annotation.RequestMappingHandlerAdapter\",\"fileName\":\"RequestMappingHandlerAdapter.java\",\"lineNumber\":793,\"methodName\":\"handleInternal\",\"nativeMethod\":false},{\"className\":\"org.springframework.web.servlet.mvc.method.AbstractHandlerMethodAdapter\",\"fileName\":\"AbstractHandlerMethodAdapter.java\",\"lineNumber\":87,\"methodName\":\"handle\",\"nativeMethod\":false},{\"className\":\"org.springframework.web.servlet.DispatcherServlet\",\"fileName\":\"DispatcherServlet.java\",\"lineNumber\":1040,\"methodName\":\"doDispatch\",\"nativeMethod\":false},{\"className\":\"org.springframework.web.servlet.DispatcherServlet\",\"fileName\":\"DispatcherServlet.java\",\"lineNumber\":943,\"methodName\":\"doService\",\"nativeMethod\":false},{\"className\":\"org.springframework.web.servlet.FrameworkServlet\",\"fileName\":\"FrameworkServlet.java\",\"lineNumber\":1006,\"methodName\":\"processRequest\",\"nativeMethod\":false},{\"className\":\"org.springframework.web.servlet.FrameworkServlet\",\"fileName\":\"FrameworkServlet.java\",\"lineNumber\":898,\"methodName\":\"doGet\",\"nativeMethod\":false},{\"className\":\"javax.servlet.http.HttpServlet\",\"fileName\":\"HttpServlet.java\",\"lineNumber\":634,\"methodName\":\"service\",\"nativeMethod\":false},{\"className\":\"org.springframework.web.servlet.FrameworkServlet\",\"fileName\":\"FrameworkServlet.java\",\"lineNumber\":883,\"methodName\":\"service\",\"nativeMethod\":false},{\"className\":\"javax.servlet.http.HttpServlet\",\"fileName\":\"HttpServlet.java\",\"lineNumber\":741,\"methodName\":\"service\",\"nativeMethod\":false},{\"className\":\"org.apache.catalina.core.ApplicationFilterChain\",\"fileName\":\"ApplicationFilterChain.java\",\"lineNumber\":231,\"methodName\":\"internalDoFilter\",\"nativeMethod\":false},{\"className\":\"org.apache.catalina.core.ApplicationFilterChain\",\"fileName\":\"ApplicationFilterChain.java\",\"lineNumber\":166,\"methodName\":\"doFilter\",\"nativeMethod\":false},{\"className\":\"org.apache.tomcat.websocket.server.WsFilter\",\"fileName\":\"WsFilter.java\",\"lineNumber\":53,\"methodName\":\"doFilter\",\"nativeMethod\":false},{\"className\":\"org.apache.catalina.core.ApplicationFilterChain\",\"fileName\":\"ApplicationFilterChain.java\",\"lineNumber\":193,\"methodName\":\"internalDoFilter\",\"nativeMethod\":false},{\"className\":\"org.apache.catalina.core.ApplicationFilterChain\",\"fileName\":\"ApplicationFilterChain.java\",\"lineNumber\":166,\"methodName\":\"doFilter\",\"nativeMethod\":false},{\"className\":\"org.springframework.web.filter.RequestContextFilter\",\"fileName\":\"RequestContextFilter.java\",\"lineNumber\":100,\"methodName\":\"doFilterInternal\",\"nativeMethod\":false},{\"className\":\"org.springframework.web.filter.OncePerRequestFilter\",\"fileName\":\"OncePerRequestFilter.java\",\"lineNumber\":119,\"methodName\":\"doFilter\",\"nativeMethod\":false},{\"className\":\"org.apache.catalina.core.ApplicationFilterChain\",\"fileName\":\"ApplicationFilterChain.java\",\"lineNumber\":193,\"methodName\":\"internalDoFilter\",\"nativeMethod\":false},{\"className\":\"org.apache.catalina.core.ApplicationFilterChain\",\"fileName\":\"ApplicationFilterChain.java\",\"lineNumber\":166,\"methodName\":\"doFilter\",\"nativeMethod\":false},{\"className\":\"org.springframework.web.filter.FormContentFilter\",\"fileName\":\"FormContentFilter.java\",\"lineNumber\":93,\"methodName\":\"doFilterInternal\",\"nativeMethod\":false},{\"className\":\"org.springframework.web.filter.OncePerRequestFilter\",\"fileName\":\"OncePerRequestFilter.java\",\"lineNumber\":119,\"methodName\":\"doFilter\",\"nativeMethod\":false},{\"className\":\"org.apache.catalina.core.ApplicationFilterChain\",\"fileName\":\"ApplicationFilterChain.java\",\"lineNumber\":193,\"methodName\":\"internalDoFilter\",\"nativeMethod\":false},{\"className\":\"org.apache.catalina.core.ApplicationFilterChain\",\"fileName\":\"ApplicationFilterChain.java\",\"lineNumber\":166,\"methodName\":\"doFilter\",\"nativeMethod\":false},{\"className\":\"org.springframework.boot.actuate.metrics.web.servlet.WebMvcMetricsFilter\",\"fileName\":\"WebMvcMetricsFilter.java\",\"lineNumber\":108,\"methodName\":\"doFilterInternal\",\"nativeMethod\":false},{\"className\":\"org.springframework.web.filter.OncePerRequestFilter\",\"fileName\":\"OncePerRequestFilter.java\",\"lineNumber\":119,\"methodName\":\"doFilter\",\"nativeMethod\":false},{\"className\":\"org.apache.catalina.core.ApplicationFilterChain\",\"fileName\":\"ApplicationFilterChain.java\",\"lineNumber\":193,\"methodName\":\"internalDoFilter\",\"nativeMethod\":false},{\"className\":\"org.apache.catalina.core.ApplicationFilterChain\",\"fileName\":\"ApplicationFilterChain.java\",\"lineNumber\":166,\"methodName\":\"doFilter\",\"nativeMethod\":false},{\"className\":\"org.springframework.web.filter.CharacterEncodingFilter\",\"fileName\":\"CharacterEncodingFilter.java\",\"lineNumber\":201,\"methodName\":\"doFilterInternal\",\"nativeMethod\":false},{\"className\":\"org.springframework.web.filter.OncePerRequestFilter\",\"fileName\":\"OncePerRequestFilter.java\",\"lineNumber\":119,\"methodName\":\"doFilter\",\"nativeMethod\":false},{\"className\":\"org.apache.catalina.core.ApplicationFilterChain\",\"fileName\":\"ApplicationFilterChain.java\",\"lineNumber\":193,\"methodName\":\"internalDoFilter\",\"nativeMethod\":false},{\"className\":\"org.apache.catalina.core.ApplicationFilterChain\",\"fileName\":\"ApplicationFilterChain.java\",\"lineNumber\":166,\"methodName\":\"doFilter\",\"nativeMethod\":false},{\"className\":\"org.apache.catalina.core.StandardWrapperValve\",\"fileName\":\"StandardWrapperValve.java\",\"lineNumber\":202,\"methodName\":\"invoke\",\"nativeMethod\":false},{\"className\":\"org.apache.catalina.core.StandardContextValve\",\"fileName\":\"StandardContextValve.java\",\"lineNumber\":96,\"methodName\":\"invoke\",\"nativeMethod\":false},{\"className\":\"org.apache.catalina.authenticator.AuthenticatorBase\",\"fileName\":\"AuthenticatorBase.java\",\"lineNumber\":526,\"methodName\":\"invoke\",\"nativeMethod\":false},{\"className\":\"org.apache.catalina.core.StandardHostValve\",\"fileName\":\"StandardHostValve.java\",\"lineNumber\":139,\"methodName\":\"invoke\",\"nativeMethod\":false},{\"className\":\"org.apache.catalina.valves.ErrorReportValve\",\"fileName\":\"ErrorReportValve.java\",\"lineNumber\":92,\"methodName\":\"invoke\",\"nativeMethod\":false},{\"className\":\"org.apache.catalina.core.StandardEngineValve\",\"fileName\":\"StandardEngineValve.java\",\"lineNumber\":74,\"methodName\":\"invoke\",\"nativeMethod\":false},{\"className\":\"org.apache.catalina.connector.CoyoteAdapter\",\"fileName\":\"CoyoteAdapter.java\",\"lineNumber\":343,\"methodName\":\"service\",\"nativeMethod\":false},{\"className\":\"org.apache.coyote.http11.Http11Processor\",\"fileName\":\"Http11Processor.java\",\"lineNumber\":367,\"methodName\":\"service\",\"nativeMethod\":false},{\"className\":\"org.apache.coyote.AbstractProcessorLight\",\"fileName\":\"AbstractProcessorLight.java\",\"lineNumber\":65,\"methodName\":\"process\",\"nativeMethod\":false},{\"className\":\"org.apache.coyote.AbstractProtocol$ConnectionHandler\",\"fileName\":\"AbstractProtocol.java\",\"lineNumber\":860,\"methodName\":\"process\",\"nativeMethod\":false},{\"className\":\"org.apache.tomcat.util.net.NioEndpoint$SocketProcessor\",\"fileName\":\"NioEndpoint.java\",\"lineNumber\":1591,\"methodName\":\"doRun\",\"nativeMethod\":false},{\"className\":\"org.apache.tomcat.util.net.SocketProcessorBase\",\"fileName\":\"SocketProcessorBase.java\",\"lineNumber\":49,\"methodName\":\"run\",\"nativeMethod\":false},{\"className\":\"java.util.concurrent.ThreadPoolExecutor\",\"fileName\":\"ThreadPoolExecutor.java\",\"lineNumber\":1149,\"methodName\":\"runWorker\",\"nativeMethod\":false},{\"className\":\"java.util.concurrent.ThreadPoolExecutor$Worker\",\"fileName\":\"ThreadPoolExecutor.java\",\"lineNumber\":624,\"methodName\":\"run\",\"nativeMethod\":false},{\"className\":\"org.apache.tomcat.util.threads.TaskThread$WrappingRunnable\",\"fileName\":\"TaskThread.java\",\"lineNumber\":61,\"methodName\":\"run\",\"nativeMethod\":false},{\"className\":\"java.lang.Thread\",\"fileName\":\"Thread.java\",\"lineNumber\":748,\"methodName\":\"run\",\"nativeMethod\":false}]');
INSERT INTO `t_sys_log_err` VALUES ('138048443359370193', 'common', '获取用户信息为空', '127.0.0.1,0:0:0:0:0:0:0:1', '172.16.10.222', NULL, '/api/rest/dict/tree', '\r\n### Error querying database.  Cause: java.sql.SQLSyntaxErrorException: Table \'base_server.t_dict\' doesn\'t exist\r\n### The error may exist in com/common/server/modules/dict/mapper/DictMapper.java (best guess)\r\n### The error may involve defaultParameterMap\r\n### The error occurred while setting parameters\r\n### SQL: SELECT  id,update_date,code,is_delete,icon,remark,p_id,type,add_date,back_img,value_en,order_index,value  FROM t_dict           ORDER BY order_index ASC\r\n### Cause: java.sql.SQLSyntaxErrorException: Table \'base_server.t_dict\' doesn\'t exist\n; bad SQL grammar []; nested exception is java.sql.SQLSyntaxErrorException: Table \'base_server.t_dict\' doesn\'t exist', '[Dict(id=null, pId=null, code=null, value=null, type=null, backImg=null, icon=null, isDelete=null, addDate=null, remark=null, valueEn=null, updateDate=null, orderIndex=null)]', '2020-03-30 14:58:56', '[{\"className\":\"org.springframework.jdbc.support.SQLErrorCodeSQLExceptionTranslator\",\"fileName\":\"SQLErrorCodeSQLExceptionTranslator.java\",\"lineNumber\":235,\"methodName\":\"doTranslate\",\"nativeMethod\":false},{\"className\":\"org.springframework.jdbc.support.AbstractFallbackSQLExceptionTranslator\",\"fileName\":\"AbstractFallbackSQLExceptionTranslator.java\",\"lineNumber\":72,\"methodName\":\"translate\",\"nativeMethod\":false},{\"className\":\"org.mybatis.spring.MyBatisExceptionTranslator\",\"fileName\":\"MyBatisExceptionTranslator.java\",\"lineNumber\":74,\"methodName\":\"translateExceptionIfPossible\",\"nativeMethod\":false},{\"className\":\"org.mybatis.spring.SqlSessionTemplate$SqlSessionInterceptor\",\"fileName\":\"SqlSessionTemplate.java\",\"lineNumber\":440,\"methodName\":\"invoke\",\"nativeMethod\":false},{\"className\":\"com.sun.proxy.$Proxy152\",\"lineNumber\":-1,\"methodName\":\"selectList\",\"nativeMethod\":false},{\"className\":\"org.mybatis.spring.SqlSessionTemplate\",\"fileName\":\"SqlSessionTemplate.java\",\"lineNumber\":223,\"methodName\":\"selectList\",\"nativeMethod\":false},{\"className\":\"com.baomidou.mybatisplus.core.override.MybatisMapperMethod\",\"fileName\":\"MybatisMapperMethod.java\",\"lineNumber\":158,\"methodName\":\"executeForMany\",\"nativeMethod\":false},{\"className\":\"com.baomidou.mybatisplus.core.override.MybatisMapperMethod\",\"fileName\":\"MybatisMapperMethod.java\",\"lineNumber\":76,\"methodName\":\"execute\",\"nativeMethod\":false},{\"className\":\"com.baomidou.mybatisplus.core.override.MybatisMapperProxy\",\"fileName\":\"MybatisMapperProxy.java\",\"lineNumber\":61,\"methodName\":\"invoke\",\"nativeMethod\":false},{\"className\":\"com.sun.proxy.$Proxy163\",\"lineNumber\":-1,\"methodName\":\"selectList\",\"nativeMethod\":false},{\"className\":\"com.common.server.modules.dict.service.impl.DictServiceImpl\",\"fileName\":\"DictServiceImpl.java\",\"lineNumber\":38,\"methodName\":\"getDictTree\",\"nativeMethod\":false},{\"className\":\"com.common.server.modules.dict.service.impl.DictServiceImpl$$FastClassBySpringCGLIB$$5707fc66\",\"fileName\":\"<generated>\",\"lineNumber\":-1,\"methodName\":\"invoke\",\"nativeMethod\":false},{\"className\":\"org.springframework.cglib.proxy.MethodProxy\",\"fileName\":\"MethodProxy.java\",\"lineNumber\":218,\"methodName\":\"invoke\",\"nativeMethod\":false},{\"className\":\"org.springframework.aop.framework.CglibAopProxy$DynamicAdvisedInterceptor\",\"fileName\":\"CglibAopProxy.java\",\"lineNumber\":685,\"methodName\":\"intercept\",\"nativeMethod\":false},{\"className\":\"com.common.server.modules.dict.service.impl.DictServiceImpl$$EnhancerBySpringCGLIB$$fb17ca4e\",\"fileName\":\"<generated>\",\"lineNumber\":-1,\"methodName\":\"getDictTree\",\"nativeMethod\":false},{\"className\":\"com.common.server.modules.dict.controller.DictController\",\"fileName\":\"DictController.java\",\"lineNumber\":40,\"methodName\":\"getTreeList\",\"nativeMethod\":false},{\"className\":\"com.common.server.modules.dict.controller.DictController$$FastClassBySpringCGLIB$$5c41f048\",\"fileName\":\"<generated>\",\"lineNumber\":-1,\"methodName\":\"invoke\",\"nativeMethod\":false},{\"className\":\"org.springframework.cglib.proxy.MethodProxy\",\"fileName\":\"MethodProxy.java\",\"lineNumber\":218,\"methodName\":\"invoke\",\"nativeMethod\":false},{\"className\":\"org.springframework.aop.framework.CglibAopProxy$CglibMethodInvocation\",\"fileName\":\"CglibAopProxy.java\",\"lineNumber\":769,\"methodName\":\"invokeJoinpoint\",\"nativeMethod\":false},{\"className\":\"org.springframework.aop.framework.ReflectiveMethodInvocation\",\"fileName\":\"ReflectiveMethodInvocation.java\",\"lineNumber\":163,\"methodName\":\"proceed\",\"nativeMethod\":false},{\"className\":\"org.springframework.aop.framework.CglibAopProxy$CglibMethodInvocation\",\"fileName\":\"CglibAopProxy.java\",\"lineNumber\":747,\"methodName\":\"proceed\",\"nativeMethod\":false},{\"className\":\"org.springframework.aop.framework.adapter.MethodBeforeAdviceInterceptor\",\"fileName\":\"MethodBeforeAdviceInterceptor.java\",\"lineNumber\":56,\"methodName\":\"invoke\",\"nativeMethod\":false},{\"className\":\"org.springframework.aop.framework.ReflectiveMethodInvocation\",\"fileName\":\"ReflectiveMethodInvocation.java\",\"lineNumber\":186,\"methodName\":\"proceed\",\"nativeMethod\":false},{\"className\":\"org.springframework.aop.framework.CglibAopProxy$CglibMethodInvocation\",\"fileName\":\"CglibAopProxy.java\",\"lineNumber\":747,\"methodName\":\"proceed\",\"nativeMethod\":false},{\"className\":\"org.springframework.aop.aspectj.MethodInvocationProceedingJoinPoint\",\"fileName\":\"MethodInvocationProceedingJoinPoint.java\",\"lineNumber\":88,\"methodName\":\"proceed\",\"nativeMethod\":false},{\"className\":\"com.common.server.common.aspect.SysLogAspect\",\"fileName\":\"SysLogAspect.java\",\"lineNumber\":68,\"methodName\":\"doAround\",\"nativeMethod\":false},{\"className\":\"sun.reflect.GeneratedMethodAccessor148\",\"lineNumber\":-1,\"methodName\":\"invoke\",\"nativeMethod\":false},{\"className\":\"sun.reflect.DelegatingMethodAccessorImpl\",\"fileName\":\"DelegatingMethodAccessorImpl.java\",\"lineNumber\":43,\"methodName\":\"invoke\",\"nativeMethod\":false},{\"className\":\"java.lang.reflect.Method\",\"fileName\":\"Method.java\",\"lineNumber\":498,\"methodName\":\"invoke\",\"nativeMethod\":false},{\"className\":\"org.springframework.aop.aspectj.AbstractAspectJAdvice\",\"fileName\":\"AbstractAspectJAdvice.java\",\"lineNumber\":644,\"methodName\":\"invokeAdviceMethodWithGivenArgs\",\"nativeMethod\":false},{\"className\":\"org.springframework.aop.aspectj.AbstractAspectJAdvice\",\"fileName\":\"AbstractAspectJAdvice.java\",\"lineNumber\":633,\"methodName\":\"invokeAdviceMethod\",\"nativeMethod\":false},{\"className\":\"org.springframework.aop.aspectj.AspectJAroundAdvice\",\"fileName\":\"AspectJAroundAdvice.java\",\"lineNumber\":70,\"methodName\":\"invoke\",\"nativeMethod\":false},{\"className\":\"org.springframework.aop.framework.ReflectiveMethodInvocation\",\"fileName\":\"ReflectiveMethodInvocation.java\",\"lineNumber\":186,\"methodName\":\"proceed\",\"nativeMethod\":false},{\"className\":\"org.springframework.aop.framework.CglibAopProxy$CglibMethodInvocation\",\"fileName\":\"CglibAopProxy.java\",\"lineNumber\":747,\"methodName\":\"proceed\",\"nativeMethod\":false},{\"className\":\"org.springframework.aop.framework.adapter.AfterReturningAdviceInterceptor\",\"fileName\":\"AfterReturningAdviceInterceptor.java\",\"lineNumber\":55,\"methodName\":\"invoke\",\"nativeMethod\":false},{\"className\":\"org.springframework.aop.framework.ReflectiveMethodInvocation\",\"fileName\":\"ReflectiveMethodInvocation.java\",\"lineNumber\":186,\"methodName\":\"proceed\",\"nativeMethod\":false},{\"className\":\"org.springframework.aop.framework.CglibAopProxy$CglibMethodInvocation\",\"fileName\":\"CglibAopProxy.java\",\"lineNumber\":747,\"methodName\":\"proceed\",\"nativeMethod\":false},{\"className\":\"org.springframework.aop.aspectj.AspectJAfterThrowingAdvice\",\"fileName\":\"AspectJAfterThrowingAdvice.java\",\"lineNumber\":62,\"methodName\":\"invoke\",\"nativeMethod\":false},{\"className\":\"org.springframework.aop.framework.ReflectiveMethodInvocation\",\"fileName\":\"ReflectiveMethodInvocation.java\",\"lineNumber\":186,\"methodName\":\"proceed\",\"nativeMethod\":false},{\"className\":\"org.springframework.aop.framework.CglibAopProxy$CglibMethodInvocation\",\"fileName\":\"CglibAopProxy.java\",\"lineNumber\":747,\"methodName\":\"proceed\",\"nativeMethod\":false},{\"className\":\"org.springframework.aop.interceptor.ExposeInvocationInterceptor\",\"fileName\":\"ExposeInvocationInterceptor.java\",\"lineNumber\":93,\"methodName\":\"invoke\",\"nativeMethod\":false},{\"className\":\"org.springframework.aop.framework.ReflectiveMethodInvocation\",\"fileName\":\"ReflectiveMethodInvocation.java\",\"lineNumber\":186,\"methodName\":\"proceed\",\"nativeMethod\":false},{\"className\":\"org.springframework.aop.framework.CglibAopProxy$CglibMethodInvocation\",\"fileName\":\"CglibAopProxy.java\",\"lineNumber\":747,\"methodName\":\"proceed\",\"nativeMethod\":false},{\"className\":\"org.springframework.aop.framework.CglibAopProxy$DynamicAdvisedInterceptor\",\"fileName\":\"CglibAopProxy.java\",\"lineNumber\":689,\"methodName\":\"intercept\",\"nativeMethod\":false},{\"className\":\"com.common.server.modules.dict.controller.DictController$$EnhancerBySpringCGLIB$$1cea7588\",\"fileName\":\"<generated>\",\"lineNumber\":-1,\"methodName\":\"getTreeList\",\"nativeMethod\":false},{\"className\":\"sun.reflect.NativeMethodAccessorImpl\",\"fileName\":\"NativeMethodAccessorImpl.java\",\"lineNumber\":-2,\"methodName\":\"invoke0\",\"nativeMethod\":true},{\"className\":\"sun.reflect.NativeMethodAccessorImpl\",\"fileName\":\"NativeMethodAccessorImpl.java\",\"lineNumber\":62,\"methodName\":\"invoke\",\"nativeMethod\":false},{\"className\":\"sun.reflect.DelegatingMethodAccessorImpl\",\"fileName\":\"DelegatingMethodAccessorImpl.java\",\"lineNumber\":43,\"methodName\":\"invoke\",\"nativeMethod\":false},{\"className\":\"java.lang.reflect.Method\",\"fileName\":\"Method.java\",\"lineNumber\":498,\"methodName\":\"invoke\",\"nativeMethod\":false},{\"className\":\"org.springframework.web.method.support.InvocableHandlerMethod\",\"fileName\":\"InvocableHandlerMethod.java\",\"lineNumber\":190,\"methodName\":\"doInvoke\",\"nativeMethod\":false},{\"className\":\"org.springframework.web.method.support.InvocableHandlerMethod\",\"fileName\":\"InvocableHandlerMethod.java\",\"lineNumber\":138,\"methodName\":\"invokeForRequest\",\"nativeMethod\":false},{\"className\":\"org.springframework.web.servlet.mvc.method.annotation.ServletInvocableHandlerMethod\",\"fileName\":\"ServletInvocableHandlerMethod.java\",\"lineNumber\":106,\"methodName\":\"invokeAndHandle\",\"nativeMethod\":false},{\"className\":\"org.springframework.web.servlet.mvc.method.annotation.RequestMappingHandlerAdapter\",\"fileName\":\"RequestMappingHandlerAdapter.java\",\"lineNumber\":888,\"methodName\":\"invokeHandlerMethod\",\"nativeMethod\":false},{\"className\":\"org.springframework.web.servlet.mvc.method.annotation.RequestMappingHandlerAdapter\",\"fileName\":\"RequestMappingHandlerAdapter.java\",\"lineNumber\":793,\"methodName\":\"handleInternal\",\"nativeMethod\":false},{\"className\":\"org.springframework.web.servlet.mvc.method.AbstractHandlerMethodAdapter\",\"fileName\":\"AbstractHandlerMethodAdapter.java\",\"lineNumber\":87,\"methodName\":\"handle\",\"nativeMethod\":false},{\"className\":\"org.springframework.web.servlet.DispatcherServlet\",\"fileName\":\"DispatcherServlet.java\",\"lineNumber\":1040,\"methodName\":\"doDispatch\",\"nativeMethod\":false},{\"className\":\"org.springframework.web.servlet.DispatcherServlet\",\"fileName\":\"DispatcherServlet.java\",\"lineNumber\":943,\"methodName\":\"doService\",\"nativeMethod\":false},{\"className\":\"org.springframework.web.servlet.FrameworkServlet\",\"fileName\":\"FrameworkServlet.java\",\"lineNumber\":1006,\"methodName\":\"processRequest\",\"nativeMethod\":false},{\"className\":\"org.springframework.web.servlet.FrameworkServlet\",\"fileName\":\"FrameworkServlet.java\",\"lineNumber\":898,\"methodName\":\"doGet\",\"nativeMethod\":false},{\"className\":\"javax.servlet.http.HttpServlet\",\"fileName\":\"HttpServlet.java\",\"lineNumber\":634,\"methodName\":\"service\",\"nativeMethod\":false},{\"className\":\"org.springframework.web.servlet.FrameworkServlet\",\"fileName\":\"FrameworkServlet.java\",\"lineNumber\":883,\"methodName\":\"service\",\"nativeMethod\":false},{\"className\":\"javax.servlet.http.HttpServlet\",\"fileName\":\"HttpServlet.java\",\"lineNumber\":741,\"methodName\":\"service\",\"nativeMethod\":false},{\"className\":\"org.apache.catalina.core.ApplicationFilterChain\",\"fileName\":\"ApplicationFilterChain.java\",\"lineNumber\":231,\"methodName\":\"internalDoFilter\",\"nativeMethod\":false},{\"className\":\"org.apache.catalina.core.ApplicationFilterChain\",\"fileName\":\"ApplicationFilterChain.java\",\"lineNumber\":166,\"methodName\":\"doFilter\",\"nativeMethod\":false},{\"className\":\"org.apache.tomcat.websocket.server.WsFilter\",\"fileName\":\"WsFilter.java\",\"lineNumber\":53,\"methodName\":\"doFilter\",\"nativeMethod\":false},{\"className\":\"org.apache.catalina.core.ApplicationFilterChain\",\"fileName\":\"ApplicationFilterChain.java\",\"lineNumber\":193,\"methodName\":\"internalDoFilter\",\"nativeMethod\":false},{\"className\":\"org.apache.catalina.core.ApplicationFilterChain\",\"fileName\":\"ApplicationFilterChain.java\",\"lineNumber\":166,\"methodName\":\"doFilter\",\"nativeMethod\":false},{\"className\":\"org.springframework.web.filter.RequestContextFilter\",\"fileName\":\"RequestContextFilter.java\",\"lineNumber\":100,\"methodName\":\"doFilterInternal\",\"nativeMethod\":false},{\"className\":\"org.springframework.web.filter.OncePerRequestFilter\",\"fileName\":\"OncePerRequestFilter.java\",\"lineNumber\":119,\"methodName\":\"doFilter\",\"nativeMethod\":false},{\"className\":\"org.apache.catalina.core.ApplicationFilterChain\",\"fileName\":\"ApplicationFilterChain.java\",\"lineNumber\":193,\"methodName\":\"internalDoFilter\",\"nativeMethod\":false},{\"className\":\"org.apache.catalina.core.ApplicationFilterChain\",\"fileName\":\"ApplicationFilterChain.java\",\"lineNumber\":166,\"methodName\":\"doFilter\",\"nativeMethod\":false},{\"className\":\"org.springframework.web.filter.FormContentFilter\",\"fileName\":\"FormContentFilter.java\",\"lineNumber\":93,\"methodName\":\"doFilterInternal\",\"nativeMethod\":false},{\"className\":\"org.springframework.web.filter.OncePerRequestFilter\",\"fileName\":\"OncePerRequestFilter.java\",\"lineNumber\":119,\"methodName\":\"doFilter\",\"nativeMethod\":false},{\"className\":\"org.apache.catalina.core.ApplicationFilterChain\",\"fileName\":\"ApplicationFilterChain.java\",\"lineNumber\":193,\"methodName\":\"internalDoFilter\",\"nativeMethod\":false},{\"className\":\"org.apache.catalina.core.ApplicationFilterChain\",\"fileName\":\"ApplicationFilterChain.java\",\"lineNumber\":166,\"methodName\":\"doFilter\",\"nativeMethod\":false},{\"className\":\"org.springframework.boot.actuate.metrics.web.servlet.WebMvcMetricsFilter\",\"fileName\":\"WebMvcMetricsFilter.java\",\"lineNumber\":108,\"methodName\":\"doFilterInternal\",\"nativeMethod\":false},{\"className\":\"org.springframework.web.filter.OncePerRequestFilter\",\"fileName\":\"OncePerRequestFilter.java\",\"lineNumber\":119,\"methodName\":\"doFilter\",\"nativeMethod\":false},{\"className\":\"org.apache.catalina.core.ApplicationFilterChain\",\"fileName\":\"ApplicationFilterChain.java\",\"lineNumber\":193,\"methodName\":\"internalDoFilter\",\"nativeMethod\":false},{\"className\":\"org.apache.catalina.core.ApplicationFilterChain\",\"fileName\":\"ApplicationFilterChain.java\",\"lineNumber\":166,\"methodName\":\"doFilter\",\"nativeMethod\":false},{\"className\":\"org.springframework.web.filter.CharacterEncodingFilter\",\"fileName\":\"CharacterEncodingFilter.java\",\"lineNumber\":201,\"methodName\":\"doFilterInternal\",\"nativeMethod\":false},{\"className\":\"org.springframework.web.filter.OncePerRequestFilter\",\"fileName\":\"OncePerRequestFilter.java\",\"lineNumber\":119,\"methodName\":\"doFilter\",\"nativeMethod\":false},{\"className\":\"org.apache.catalina.core.ApplicationFilterChain\",\"fileName\":\"ApplicationFilterChain.java\",\"lineNumber\":193,\"methodName\":\"internalDoFilter\",\"nativeMethod\":false},{\"className\":\"org.apache.catalina.core.ApplicationFilterChain\",\"fileName\":\"ApplicationFilterChain.java\",\"lineNumber\":166,\"methodName\":\"doFilter\",\"nativeMethod\":false},{\"className\":\"org.apache.catalina.core.StandardWrapperValve\",\"fileName\":\"StandardWrapperValve.java\",\"lineNumber\":202,\"methodName\":\"invoke\",\"nativeMethod\":false},{\"className\":\"org.apache.catalina.core.StandardContextValve\",\"fileName\":\"StandardContextValve.java\",\"lineNumber\":96,\"methodName\":\"invoke\",\"nativeMethod\":false},{\"className\":\"org.apache.catalina.authenticator.AuthenticatorBase\",\"fileName\":\"AuthenticatorBase.java\",\"lineNumber\":526,\"methodName\":\"invoke\",\"nativeMethod\":false},{\"className\":\"org.apache.catalina.core.StandardHostValve\",\"fileName\":\"StandardHostValve.java\",\"lineNumber\":139,\"methodName\":\"invoke\",\"nativeMethod\":false},{\"className\":\"org.apache.catalina.valves.ErrorReportValve\",\"fileName\":\"ErrorReportValve.java\",\"lineNumber\":92,\"methodName\":\"invoke\",\"nativeMethod\":false},{\"className\":\"org.apache.catalina.core.StandardEngineValve\",\"fileName\":\"StandardEngineValve.java\",\"lineNumber\":74,\"methodName\":\"invoke\",\"nativeMethod\":false},{\"className\":\"org.apache.catalina.connector.CoyoteAdapter\",\"fileName\":\"CoyoteAdapter.java\",\"lineNumber\":343,\"methodName\":\"service\",\"nativeMethod\":false},{\"className\":\"org.apache.coyote.http11.Http11Processor\",\"fileName\":\"Http11Processor.java\",\"lineNumber\":367,\"methodName\":\"service\",\"nativeMethod\":false},{\"className\":\"org.apache.coyote.AbstractProcessorLight\",\"fileName\":\"AbstractProcessorLight.java\",\"lineNumber\":65,\"methodName\":\"process\",\"nativeMethod\":false},{\"className\":\"org.apache.coyote.AbstractProtocol$ConnectionHandler\",\"fileName\":\"AbstractProtocol.java\",\"lineNumber\":860,\"methodName\":\"process\",\"nativeMethod\":false},{\"className\":\"org.apache.tomcat.util.net.NioEndpoint$SocketProcessor\",\"fileName\":\"NioEndpoint.java\",\"lineNumber\":1591,\"methodName\":\"doRun\",\"nativeMethod\":false},{\"className\":\"org.apache.tomcat.util.net.SocketProcessorBase\",\"fileName\":\"SocketProcessorBase.java\",\"lineNumber\":49,\"methodName\":\"run\",\"nativeMethod\":false},{\"className\":\"java.util.concurrent.ThreadPoolExecutor\",\"fileName\":\"ThreadPoolExecutor.java\",\"lineNumber\":1149,\"methodName\":\"runWorker\",\"nativeMethod\":false},{\"className\":\"java.util.concurrent.ThreadPoolExecutor$Worker\",\"fileName\":\"ThreadPoolExecutor.java\",\"lineNumber\":624,\"methodName\":\"run\",\"nativeMethod\":false},{\"className\":\"org.apache.tomcat.util.threads.TaskThread$WrappingRunnable\",\"fileName\":\"TaskThread.java\",\"lineNumber\":61,\"methodName\":\"run\",\"nativeMethod\":false},{\"className\":\"java.lang.Thread\",\"fileName\":\"Thread.java\",\"lineNumber\":748,\"methodName\":\"run\",\"nativeMethod\":false}]');
INSERT INTO `t_sys_log_err` VALUES ('138048443359390194', 'common', '获取用户信息为空', '127.0.0.1', '172.16.10.222', NULL, '/api/rest/dict/tree', '\r\n### Error querying database.  Cause: java.sql.SQLSyntaxErrorException: Table \'base_server.t_dict\' doesn\'t exist\r\n### The error may exist in com/common/server/modules/dict/mapper/DictMapper.java (best guess)\r\n### The error may involve defaultParameterMap\r\n### The error occurred while setting parameters\r\n### SQL: SELECT  id,update_date,code,is_delete,icon,remark,p_id,type,add_date,back_img,value_en,order_index,value  FROM t_dict           ORDER BY order_index ASC\r\n### Cause: java.sql.SQLSyntaxErrorException: Table \'base_server.t_dict\' doesn\'t exist\n; bad SQL grammar []; nested exception is java.sql.SQLSyntaxErrorException: Table \'base_server.t_dict\' doesn\'t exist', '[Dict(id=null, pId=null, code=null, value=null, type=null, backImg=null, icon=null, isDelete=null, addDate=null, remark=null, valueEn=null, updateDate=null, orderIndex=null)]', '2020-03-30 14:58:56', '[{\"className\":\"org.springframework.jdbc.support.SQLErrorCodeSQLExceptionTranslator\",\"fileName\":\"SQLErrorCodeSQLExceptionTranslator.java\",\"lineNumber\":235,\"methodName\":\"doTranslate\",\"nativeMethod\":false},{\"className\":\"org.springframework.jdbc.support.AbstractFallbackSQLExceptionTranslator\",\"fileName\":\"AbstractFallbackSQLExceptionTranslator.java\",\"lineNumber\":72,\"methodName\":\"translate\",\"nativeMethod\":false},{\"className\":\"org.mybatis.spring.MyBatisExceptionTranslator\",\"fileName\":\"MyBatisExceptionTranslator.java\",\"lineNumber\":74,\"methodName\":\"translateExceptionIfPossible\",\"nativeMethod\":false},{\"className\":\"org.mybatis.spring.SqlSessionTemplate$SqlSessionInterceptor\",\"fileName\":\"SqlSessionTemplate.java\",\"lineNumber\":440,\"methodName\":\"invoke\",\"nativeMethod\":false},{\"className\":\"com.sun.proxy.$Proxy152\",\"lineNumber\":-1,\"methodName\":\"selectList\",\"nativeMethod\":false},{\"className\":\"org.mybatis.spring.SqlSessionTemplate\",\"fileName\":\"SqlSessionTemplate.java\",\"lineNumber\":223,\"methodName\":\"selectList\",\"nativeMethod\":false},{\"className\":\"com.baomidou.mybatisplus.core.override.MybatisMapperMethod\",\"fileName\":\"MybatisMapperMethod.java\",\"lineNumber\":158,\"methodName\":\"executeForMany\",\"nativeMethod\":false},{\"className\":\"com.baomidou.mybatisplus.core.override.MybatisMapperMethod\",\"fileName\":\"MybatisMapperMethod.java\",\"lineNumber\":76,\"methodName\":\"execute\",\"nativeMethod\":false},{\"className\":\"com.baomidou.mybatisplus.core.override.MybatisMapperProxy\",\"fileName\":\"MybatisMapperProxy.java\",\"lineNumber\":61,\"methodName\":\"invoke\",\"nativeMethod\":false},{\"className\":\"com.sun.proxy.$Proxy163\",\"lineNumber\":-1,\"methodName\":\"selectList\",\"nativeMethod\":false},{\"className\":\"com.common.server.modules.dict.service.impl.DictServiceImpl\",\"fileName\":\"DictServiceImpl.java\",\"lineNumber\":38,\"methodName\":\"getDictTree\",\"nativeMethod\":false},{\"className\":\"com.common.server.modules.dict.service.impl.DictServiceImpl$$FastClassBySpringCGLIB$$5707fc66\",\"fileName\":\"<generated>\",\"lineNumber\":-1,\"methodName\":\"invoke\",\"nativeMethod\":false},{\"className\":\"org.springframework.cglib.proxy.MethodProxy\",\"fileName\":\"MethodProxy.java\",\"lineNumber\":218,\"methodName\":\"invoke\",\"nativeMethod\":false},{\"className\":\"org.springframework.aop.framework.CglibAopProxy$DynamicAdvisedInterceptor\",\"fileName\":\"CglibAopProxy.java\",\"lineNumber\":685,\"methodName\":\"intercept\",\"nativeMethod\":false},{\"className\":\"com.common.server.modules.dict.service.impl.DictServiceImpl$$EnhancerBySpringCGLIB$$fb17ca4e\",\"fileName\":\"<generated>\",\"lineNumber\":-1,\"methodName\":\"getDictTree\",\"nativeMethod\":false},{\"className\":\"com.common.server.modules.dict.controller.DictController\",\"fileName\":\"DictController.java\",\"lineNumber\":40,\"methodName\":\"getTreeList\",\"nativeMethod\":false},{\"className\":\"com.common.server.modules.dict.controller.DictController$$FastClassBySpringCGLIB$$5c41f048\",\"fileName\":\"<generated>\",\"lineNumber\":-1,\"methodName\":\"invoke\",\"nativeMethod\":false},{\"className\":\"org.springframework.cglib.proxy.MethodProxy\",\"fileName\":\"MethodProxy.java\",\"lineNumber\":218,\"methodName\":\"invoke\",\"nativeMethod\":false},{\"className\":\"org.springframework.aop.framework.CglibAopProxy$CglibMethodInvocation\",\"fileName\":\"CglibAopProxy.java\",\"lineNumber\":769,\"methodName\":\"invokeJoinpoint\",\"nativeMethod\":false},{\"className\":\"org.springframework.aop.framework.ReflectiveMethodInvocation\",\"fileName\":\"ReflectiveMethodInvocation.java\",\"lineNumber\":163,\"methodName\":\"proceed\",\"nativeMethod\":false},{\"className\":\"org.springframework.aop.framework.CglibAopProxy$CglibMethodInvocation\",\"fileName\":\"CglibAopProxy.java\",\"lineNumber\":747,\"methodName\":\"proceed\",\"nativeMethod\":false},{\"className\":\"org.springframework.aop.framework.adapter.MethodBeforeAdviceInterceptor\",\"fileName\":\"MethodBeforeAdviceInterceptor.java\",\"lineNumber\":56,\"methodName\":\"invoke\",\"nativeMethod\":false},{\"className\":\"org.springframework.aop.framework.ReflectiveMethodInvocation\",\"fileName\":\"ReflectiveMethodInvocation.java\",\"lineNumber\":186,\"methodName\":\"proceed\",\"nativeMethod\":false},{\"className\":\"org.springframework.aop.framework.CglibAopProxy$CglibMethodInvocation\",\"fileName\":\"CglibAopProxy.java\",\"lineNumber\":747,\"methodName\":\"proceed\",\"nativeMethod\":false},{\"className\":\"org.springframework.aop.aspectj.MethodInvocationProceedingJoinPoint\",\"fileName\":\"MethodInvocationProceedingJoinPoint.java\",\"lineNumber\":88,\"methodName\":\"proceed\",\"nativeMethod\":false},{\"className\":\"com.common.server.common.aspect.SysLogAspect\",\"fileName\":\"SysLogAspect.java\",\"lineNumber\":68,\"methodName\":\"doAround\",\"nativeMethod\":false},{\"className\":\"sun.reflect.GeneratedMethodAccessor148\",\"lineNumber\":-1,\"methodName\":\"invoke\",\"nativeMethod\":false},{\"className\":\"sun.reflect.DelegatingMethodAccessorImpl\",\"fileName\":\"DelegatingMethodAccessorImpl.java\",\"lineNumber\":43,\"methodName\":\"invoke\",\"nativeMethod\":false},{\"className\":\"java.lang.reflect.Method\",\"fileName\":\"Method.java\",\"lineNumber\":498,\"methodName\":\"invoke\",\"nativeMethod\":false},{\"className\":\"org.springframework.aop.aspectj.AbstractAspectJAdvice\",\"fileName\":\"AbstractAspectJAdvice.java\",\"lineNumber\":644,\"methodName\":\"invokeAdviceMethodWithGivenArgs\",\"nativeMethod\":false},{\"className\":\"org.springframework.aop.aspectj.AbstractAspectJAdvice\",\"fileName\":\"AbstractAspectJAdvice.java\",\"lineNumber\":633,\"methodName\":\"invokeAdviceMethod\",\"nativeMethod\":false},{\"className\":\"org.springframework.aop.aspectj.AspectJAroundAdvice\",\"fileName\":\"AspectJAroundAdvice.java\",\"lineNumber\":70,\"methodName\":\"invoke\",\"nativeMethod\":false},{\"className\":\"org.springframework.aop.framework.ReflectiveMethodInvocation\",\"fileName\":\"ReflectiveMethodInvocation.java\",\"lineNumber\":186,\"methodName\":\"proceed\",\"nativeMethod\":false},{\"className\":\"org.springframework.aop.framework.CglibAopProxy$CglibMethodInvocation\",\"fileName\":\"CglibAopProxy.java\",\"lineNumber\":747,\"methodName\":\"proceed\",\"nativeMethod\":false},{\"className\":\"org.springframework.aop.framework.adapter.AfterReturningAdviceInterceptor\",\"fileName\":\"AfterReturningAdviceInterceptor.java\",\"lineNumber\":55,\"methodName\":\"invoke\",\"nativeMethod\":false},{\"className\":\"org.springframework.aop.framework.ReflectiveMethodInvocation\",\"fileName\":\"ReflectiveMethodInvocation.java\",\"lineNumber\":186,\"methodName\":\"proceed\",\"nativeMethod\":false},{\"className\":\"org.springframework.aop.framework.CglibAopProxy$CglibMethodInvocation\",\"fileName\":\"CglibAopProxy.java\",\"lineNumber\":747,\"methodName\":\"proceed\",\"nativeMethod\":false},{\"className\":\"org.springframework.aop.aspectj.AspectJAfterThrowingAdvice\",\"fileName\":\"AspectJAfterThrowingAdvice.java\",\"lineNumber\":62,\"methodName\":\"invoke\",\"nativeMethod\":false},{\"className\":\"org.springframework.aop.framework.ReflectiveMethodInvocation\",\"fileName\":\"ReflectiveMethodInvocation.java\",\"lineNumber\":186,\"methodName\":\"proceed\",\"nativeMethod\":false},{\"className\":\"org.springframework.aop.framework.CglibAopProxy$CglibMethodInvocation\",\"fileName\":\"CglibAopProxy.java\",\"lineNumber\":747,\"methodName\":\"proceed\",\"nativeMethod\":false},{\"className\":\"org.springframework.aop.interceptor.ExposeInvocationInterceptor\",\"fileName\":\"ExposeInvocationInterceptor.java\",\"lineNumber\":93,\"methodName\":\"invoke\",\"nativeMethod\":false},{\"className\":\"org.springframework.aop.framework.ReflectiveMethodInvocation\",\"fileName\":\"ReflectiveMethodInvocation.java\",\"lineNumber\":186,\"methodName\":\"proceed\",\"nativeMethod\":false},{\"className\":\"org.springframework.aop.framework.CglibAopProxy$CglibMethodInvocation\",\"fileName\":\"CglibAopProxy.java\",\"lineNumber\":747,\"methodName\":\"proceed\",\"nativeMethod\":false},{\"className\":\"org.springframework.aop.framework.CglibAopProxy$DynamicAdvisedInterceptor\",\"fileName\":\"CglibAopProxy.java\",\"lineNumber\":689,\"methodName\":\"intercept\",\"nativeMethod\":false},{\"className\":\"com.common.server.modules.dict.controller.DictController$$EnhancerBySpringCGLIB$$1cea7588\",\"fileName\":\"<generated>\",\"lineNumber\":-1,\"methodName\":\"getTreeList\",\"nativeMethod\":false},{\"className\":\"sun.reflect.NativeMethodAccessorImpl\",\"fileName\":\"NativeMethodAccessorImpl.java\",\"lineNumber\":-2,\"methodName\":\"invoke0\",\"nativeMethod\":true},{\"className\":\"sun.reflect.NativeMethodAccessorImpl\",\"fileName\":\"NativeMethodAccessorImpl.java\",\"lineNumber\":62,\"methodName\":\"invoke\",\"nativeMethod\":false},{\"className\":\"sun.reflect.DelegatingMethodAccessorImpl\",\"fileName\":\"DelegatingMethodAccessorImpl.java\",\"lineNumber\":43,\"methodName\":\"invoke\",\"nativeMethod\":false},{\"className\":\"java.lang.reflect.Method\",\"fileName\":\"Method.java\",\"lineNumber\":498,\"methodName\":\"invoke\",\"nativeMethod\":false},{\"className\":\"org.springframework.web.method.support.InvocableHandlerMethod\",\"fileName\":\"InvocableHandlerMethod.java\",\"lineNumber\":190,\"methodName\":\"doInvoke\",\"nativeMethod\":false},{\"className\":\"org.springframework.web.method.support.InvocableHandlerMethod\",\"fileName\":\"InvocableHandlerMethod.java\",\"lineNumber\":138,\"methodName\":\"invokeForRequest\",\"nativeMethod\":false},{\"className\":\"org.springframework.web.servlet.mvc.method.annotation.ServletInvocableHandlerMethod\",\"fileName\":\"ServletInvocableHandlerMethod.java\",\"lineNumber\":106,\"methodName\":\"invokeAndHandle\",\"nativeMethod\":false},{\"className\":\"org.springframework.web.servlet.mvc.method.annotation.RequestMappingHandlerAdapter\",\"fileName\":\"RequestMappingHandlerAdapter.java\",\"lineNumber\":888,\"methodName\":\"invokeHandlerMethod\",\"nativeMethod\":false},{\"className\":\"org.springframework.web.servlet.mvc.method.annotation.RequestMappingHandlerAdapter\",\"fileName\":\"RequestMappingHandlerAdapter.java\",\"lineNumber\":793,\"methodName\":\"handleInternal\",\"nativeMethod\":false},{\"className\":\"org.springframework.web.servlet.mvc.method.AbstractHandlerMethodAdapter\",\"fileName\":\"AbstractHandlerMethodAdapter.java\",\"lineNumber\":87,\"methodName\":\"handle\",\"nativeMethod\":false},{\"className\":\"org.springframework.web.servlet.DispatcherServlet\",\"fileName\":\"DispatcherServlet.java\",\"lineNumber\":1040,\"methodName\":\"doDispatch\",\"nativeMethod\":false},{\"className\":\"org.springframework.web.servlet.DispatcherServlet\",\"fileName\":\"DispatcherServlet.java\",\"lineNumber\":943,\"methodName\":\"doService\",\"nativeMethod\":false},{\"className\":\"org.springframework.web.servlet.FrameworkServlet\",\"fileName\":\"FrameworkServlet.java\",\"lineNumber\":1006,\"methodName\":\"processRequest\",\"nativeMethod\":false},{\"className\":\"org.springframework.web.servlet.FrameworkServlet\",\"fileName\":\"FrameworkServlet.java\",\"lineNumber\":898,\"methodName\":\"doGet\",\"nativeMethod\":false},{\"className\":\"javax.servlet.http.HttpServlet\",\"fileName\":\"HttpServlet.java\",\"lineNumber\":634,\"methodName\":\"service\",\"nativeMethod\":false},{\"className\":\"org.springframework.web.servlet.FrameworkServlet\",\"fileName\":\"FrameworkServlet.java\",\"lineNumber\":883,\"methodName\":\"service\",\"nativeMethod\":false},{\"className\":\"javax.servlet.http.HttpServlet\",\"fileName\":\"HttpServlet.java\",\"lineNumber\":741,\"methodName\":\"service\",\"nativeMethod\":false},{\"className\":\"org.apache.catalina.core.ApplicationFilterChain\",\"fileName\":\"ApplicationFilterChain.java\",\"lineNumber\":231,\"methodName\":\"internalDoFilter\",\"nativeMethod\":false},{\"className\":\"org.apache.catalina.core.ApplicationFilterChain\",\"fileName\":\"ApplicationFilterChain.java\",\"lineNumber\":166,\"methodName\":\"doFilter\",\"nativeMethod\":false},{\"className\":\"org.apache.tomcat.websocket.server.WsFilter\",\"fileName\":\"WsFilter.java\",\"lineNumber\":53,\"methodName\":\"doFilter\",\"nativeMethod\":false},{\"className\":\"org.apache.catalina.core.ApplicationFilterChain\",\"fileName\":\"ApplicationFilterChain.java\",\"lineNumber\":193,\"methodName\":\"internalDoFilter\",\"nativeMethod\":false},{\"className\":\"org.apache.catalina.core.ApplicationFilterChain\",\"fileName\":\"ApplicationFilterChain.java\",\"lineNumber\":166,\"methodName\":\"doFilter\",\"nativeMethod\":false},{\"className\":\"org.springframework.web.filter.RequestContextFilter\",\"fileName\":\"RequestContextFilter.java\",\"lineNumber\":100,\"methodName\":\"doFilterInternal\",\"nativeMethod\":false},{\"className\":\"org.springframework.web.filter.OncePerRequestFilter\",\"fileName\":\"OncePerRequestFilter.java\",\"lineNumber\":119,\"methodName\":\"doFilter\",\"nativeMethod\":false},{\"className\":\"org.apache.catalina.core.ApplicationFilterChain\",\"fileName\":\"ApplicationFilterChain.java\",\"lineNumber\":193,\"methodName\":\"internalDoFilter\",\"nativeMethod\":false},{\"className\":\"org.apache.catalina.core.ApplicationFilterChain\",\"fileName\":\"ApplicationFilterChain.java\",\"lineNumber\":166,\"methodName\":\"doFilter\",\"nativeMethod\":false},{\"className\":\"org.springframework.web.filter.FormContentFilter\",\"fileName\":\"FormContentFilter.java\",\"lineNumber\":93,\"methodName\":\"doFilterInternal\",\"nativeMethod\":false},{\"className\":\"org.springframework.web.filter.OncePerRequestFilter\",\"fileName\":\"OncePerRequestFilter.java\",\"lineNumber\":119,\"methodName\":\"doFilter\",\"nativeMethod\":false},{\"className\":\"org.apache.catalina.core.ApplicationFilterChain\",\"fileName\":\"ApplicationFilterChain.java\",\"lineNumber\":193,\"methodName\":\"internalDoFilter\",\"nativeMethod\":false},{\"className\":\"org.apache.catalina.core.ApplicationFilterChain\",\"fileName\":\"ApplicationFilterChain.java\",\"lineNumber\":166,\"methodName\":\"doFilter\",\"nativeMethod\":false},{\"className\":\"org.springframework.boot.actuate.metrics.web.servlet.WebMvcMetricsFilter\",\"fileName\":\"WebMvcMetricsFilter.java\",\"lineNumber\":108,\"methodName\":\"doFilterInternal\",\"nativeMethod\":false},{\"className\":\"org.springframework.web.filter.OncePerRequestFilter\",\"fileName\":\"OncePerRequestFilter.java\",\"lineNumber\":119,\"methodName\":\"doFilter\",\"nativeMethod\":false},{\"className\":\"org.apache.catalina.core.ApplicationFilterChain\",\"fileName\":\"ApplicationFilterChain.java\",\"lineNumber\":193,\"methodName\":\"internalDoFilter\",\"nativeMethod\":false},{\"className\":\"org.apache.catalina.core.ApplicationFilterChain\",\"fileName\":\"ApplicationFilterChain.java\",\"lineNumber\":166,\"methodName\":\"doFilter\",\"nativeMethod\":false},{\"className\":\"org.springframework.web.filter.CharacterEncodingFilter\",\"fileName\":\"CharacterEncodingFilter.java\",\"lineNumber\":201,\"methodName\":\"doFilterInternal\",\"nativeMethod\":false},{\"className\":\"org.springframework.web.filter.OncePerRequestFilter\",\"fileName\":\"OncePerRequestFilter.java\",\"lineNumber\":119,\"methodName\":\"doFilter\",\"nativeMethod\":false},{\"className\":\"org.apache.catalina.core.ApplicationFilterChain\",\"fileName\":\"ApplicationFilterChain.java\",\"lineNumber\":193,\"methodName\":\"internalDoFilter\",\"nativeMethod\":false},{\"className\":\"org.apache.catalina.core.ApplicationFilterChain\",\"fileName\":\"ApplicationFilterChain.java\",\"lineNumber\":166,\"methodName\":\"doFilter\",\"nativeMethod\":false},{\"className\":\"org.apache.catalina.core.StandardWrapperValve\",\"fileName\":\"StandardWrapperValve.java\",\"lineNumber\":202,\"methodName\":\"invoke\",\"nativeMethod\":false},{\"className\":\"org.apache.catalina.core.StandardContextValve\",\"fileName\":\"StandardContextValve.java\",\"lineNumber\":96,\"methodName\":\"invoke\",\"nativeMethod\":false},{\"className\":\"org.apache.catalina.authenticator.AuthenticatorBase\",\"fileName\":\"AuthenticatorBase.java\",\"lineNumber\":526,\"methodName\":\"invoke\",\"nativeMethod\":false},{\"className\":\"org.apache.catalina.core.StandardHostValve\",\"fileName\":\"StandardHostValve.java\",\"lineNumber\":139,\"methodName\":\"invoke\",\"nativeMethod\":false},{\"className\":\"org.apache.catalina.valves.ErrorReportValve\",\"fileName\":\"ErrorReportValve.java\",\"lineNumber\":92,\"methodName\":\"invoke\",\"nativeMethod\":false},{\"className\":\"org.apache.catalina.core.StandardEngineValve\",\"fileName\":\"StandardEngineValve.java\",\"lineNumber\":74,\"methodName\":\"invoke\",\"nativeMethod\":false},{\"className\":\"org.apache.catalina.connector.CoyoteAdapter\",\"fileName\":\"CoyoteAdapter.java\",\"lineNumber\":343,\"methodName\":\"service\",\"nativeMethod\":false},{\"className\":\"org.apache.coyote.http11.Http11Processor\",\"fileName\":\"Http11Processor.java\",\"lineNumber\":367,\"methodName\":\"service\",\"nativeMethod\":false},{\"className\":\"org.apache.coyote.AbstractProcessorLight\",\"fileName\":\"AbstractProcessorLight.java\",\"lineNumber\":65,\"methodName\":\"process\",\"nativeMethod\":false},{\"className\":\"org.apache.coyote.AbstractProtocol$ConnectionHandler\",\"fileName\":\"AbstractProtocol.java\",\"lineNumber\":860,\"methodName\":\"process\",\"nativeMethod\":false},{\"className\":\"org.apache.tomcat.util.net.NioEndpoint$SocketProcessor\",\"fileName\":\"NioEndpoint.java\",\"lineNumber\":1591,\"methodName\":\"doRun\",\"nativeMethod\":false},{\"className\":\"org.apache.tomcat.util.net.SocketProcessorBase\",\"fileName\":\"SocketProcessorBase.java\",\"lineNumber\":49,\"methodName\":\"run\",\"nativeMethod\":false},{\"className\":\"java.util.concurrent.ThreadPoolExecutor\",\"fileName\":\"ThreadPoolExecutor.java\",\"lineNumber\":1149,\"methodName\":\"runWorker\",\"nativeMethod\":false},{\"className\":\"java.util.concurrent.ThreadPoolExecutor$Worker\",\"fileName\":\"ThreadPoolExecutor.java\",\"lineNumber\":624,\"methodName\":\"run\",\"nativeMethod\":false},{\"className\":\"org.apache.tomcat.util.threads.TaskThread$WrappingRunnable\",\"fileName\":\"TaskThread.java\",\"lineNumber\":61,\"methodName\":\"run\",\"nativeMethod\":false},{\"className\":\"java.lang.Thread\",\"fileName\":\"Thread.java\",\"lineNumber\":748,\"methodName\":\"run\",\"nativeMethod\":false}]');

-- ----------------------------
-- Table structure for t_user_group_info
-- ----------------------------
DROP TABLE IF EXISTS `t_user_group_info`;
CREATE TABLE `t_user_group_info`  (
  `id` varchar(40) CHARACTER SET utf8 COLLATE utf8_general_ci NOT NULL COMMENT '主键id',
  `name` varchar(40) CHARACTER SET utf8 COLLATE utf8_general_ci NOT NULL COMMENT '用户组名',
  `description` varchar(40) CHARACTER SET utf8 COLLATE utf8_general_ci NULL DEFAULT NULL COMMENT '用户组描述',
  `add_time` datetime(0) NULL DEFAULT NULL COMMENT '添加时间',
  `update_time` datetime(0) NULL DEFAULT NULL COMMENT '修改时间',
  `add_user` varchar(40) CHARACTER SET utf8 COLLATE utf8_general_ci NULL DEFAULT NULL COMMENT '添加人',
  `update_user` varchar(40) CHARACTER SET utf8 COLLATE utf8_general_ci NULL DEFAULT NULL COMMENT '修改人',
  `status` int(2) NULL DEFAULT NULL COMMENT '状态',
  PRIMARY KEY (`id`) USING BTREE
) ENGINE = InnoDB CHARACTER SET = utf8 COLLATE = utf8_general_ci COMMENT = '用户组表' ROW_FORMAT = Dynamic;

-- ----------------------------
-- Records of t_user_group_info
-- ----------------------------
INSERT INTO `t_user_group_info` VALUES ('137947365849620161', '用户组1', '我是描述', '2019-12-04 15:16:25', '2020-03-31 11:09:23', NULL, NULL, 1);

-- ----------------------------
-- Table structure for t_user_group_relation
-- ----------------------------
DROP TABLE IF EXISTS `t_user_group_relation`;
CREATE TABLE `t_user_group_relation`  (
  `id` varchar(40) CHARACTER SET utf8 COLLATE utf8_general_ci NOT NULL COMMENT '主键id',
  `user_id` varchar(40) CHARACTER SET utf8 COLLATE utf8_general_ci NOT NULL COMMENT '用户id',
  `user_group_id` varchar(40) CHARACTER SET utf8 COLLATE utf8_general_ci NOT NULL COMMENT '用户组id',
  PRIMARY KEY (`id`) USING BTREE
) ENGINE = InnoDB CHARACTER SET = utf8 COLLATE = utf8_general_ci COMMENT = '用户组与用户关联表' ROW_FORMAT = Dynamic;

-- ----------------------------
-- Records of t_user_group_relation
-- ----------------------------
INSERT INTO `t_user_group_relation` VALUES ('137967286942860036', '137967286940710034', '');
INSERT INTO `t_user_group_relation` VALUES ('137967290651400038', '137957815713620189', '');
INSERT INTO `t_user_group_relation` VALUES ('137967290694180040', '137966408701670189', '');
INSERT INTO `t_user_group_relation` VALUES ('137967290970980055', '137957814046110184', '');
INSERT INTO `t_user_group_relation` VALUES ('137967291007870057', '137957814300260185', '');
INSERT INTO `t_user_group_relation` VALUES ('137967291075130059', '137957814526290186', '');
INSERT INTO `t_user_group_relation` VALUES ('137967291109290061', '137957814750900187', '');
INSERT INTO `t_user_group_relation` VALUES ('137967291143450063', '137957815173590188', '');
INSERT INTO `t_user_group_relation` VALUES ('138019811503460243', '137957801228000182', '');
INSERT INTO `t_user_group_relation` VALUES ('138019812606410252', '137947366632550162', '137947365849620161');
INSERT INTO `t_user_group_relation` VALUES ('138019812756680254', '137947366809540163', '137947365849620161');
INSERT INTO `t_user_group_relation` VALUES ('138019812929310000', '137957801038610181', '137947365849620161');
INSERT INTO `t_user_group_relation` VALUES ('138019813086380002', '137957801530030183', '');

-- ----------------------------
-- Table structure for t_user_info
-- ----------------------------
DROP TABLE IF EXISTS `t_user_info`;
CREATE TABLE `t_user_info`  (
  `id` varchar(40) CHARACTER SET utf8 COLLATE utf8_general_ci NOT NULL COMMENT '主键id',
  `name` varchar(50) CHARACTER SET utf8 COLLATE utf8_general_ci NOT NULL COMMENT '用户名',
  `header` varchar(50) CHARACTER SET utf8 COLLATE utf8_general_ci NULL DEFAULT NULL COMMENT '头像',
  `password` varchar(100) CHARACTER SET utf8 COLLATE utf8_general_ci NOT NULL COMMENT '密码',
  `sign_name` varchar(255) CHARACTER SET utf8 COLLATE utf8_general_ci NULL DEFAULT NULL COMMENT '个性签名',
  `login_name` varchar(50) CHARACTER SET utf8 COLLATE utf8_general_ci NOT NULL COMMENT '登录名',
  `sex` varchar(10) CHARACTER SET utf8 COLLATE utf8_general_ci NOT NULL COMMENT '性别',
  `add_time` datetime(0) NULL DEFAULT NULL COMMENT '添加时间',
  `update_time` datetime(0) NULL DEFAULT NULL COMMENT '修改时间',
  `add_user` varchar(40) CHARACTER SET utf8 COLLATE utf8_general_ci NULL DEFAULT NULL COMMENT '添加人',
  `update_user` varchar(40) CHARACTER SET utf8 COLLATE utf8_general_ci NULL DEFAULT NULL COMMENT '修改人',
  `status` int(2) NULL DEFAULT NULL COMMENT '状态',
  `email` varchar(255) CHARACTER SET utf8 COLLATE utf8_general_ci NULL DEFAULT NULL COMMENT '邮箱',
  PRIMARY KEY (`id`) USING BTREE
) ENGINE = InnoDB CHARACTER SET = utf8 COLLATE = utf8_general_ci COMMENT = '用户表' ROW_FORMAT = Dynamic;

-- ----------------------------
-- Records of t_user_info
-- ----------------------------
INSERT INTO `t_user_info` VALUES ('137947366632550162', '张三', 'I1582688291054', '8dd47e57db3c811d2db8eba167c5d38c', NULL, '张三', 'false', '2019-12-04 15:17:43', '2020-02-26 11:41:01', NULL, NULL, 1, 'zhangsan@163.com');
INSERT INTO `t_user_info` VALUES ('137947366809540163', '李四', 'I1582688357340', '8dd47e57db3c811d2db8eba167c5d38c', NULL, '李四', 'false', '2019-12-04 15:18:01', '2020-02-26 11:41:16', NULL, NULL, 1, 'lisi@163.com');
INSERT INTO `t_user_info` VALUES ('137957801038610181', 'jack', 'I1582688369465', '8dd47e57db3c811d2db8eba167c5d38c', NULL, 'jack', 'true', '2019-12-16 17:08:24', '2020-02-26 11:41:33', NULL, NULL, 1, 'jack@126.com');
INSERT INTO `t_user_info` VALUES ('137957801228000182', 'rose', 'I1582688647144', '8dd47e57db3c811d2db8eba167c5d38c', '2113', 'rose', 'true', '2019-12-16 17:08:43', '2020-02-26 11:44:10', NULL, NULL, 1, 'rose@163.com');
INSERT INTO `t_user_info` VALUES ('137957801530030183', 'Tom', 'I1582688384389', '8dd47e57db3c811d2db8eba167c5d38c', NULL, 'Tom', 'false', '2019-12-16 17:09:13', '2020-02-26 11:41:49', NULL, NULL, 1, 'Tom@gmail.com');

-- ----------------------------
-- Table structure for t_user_role_relation
-- ----------------------------
DROP TABLE IF EXISTS `t_user_role_relation`;
CREATE TABLE `t_user_role_relation`  (
  `id` varchar(40) CHARACTER SET utf8 COLLATE utf8_general_ci NOT NULL COMMENT '主键id',
  `user_id` varchar(40) CHARACTER SET utf8 COLLATE utf8_general_ci NOT NULL COMMENT '用户id',
  `role_id` varchar(40) CHARACTER SET utf8 COLLATE utf8_general_ci NOT NULL COMMENT '角色id',
  PRIMARY KEY (`id`) USING BTREE
) ENGINE = InnoDB CHARACTER SET = utf8 COLLATE = utf8_general_ci COMMENT = '用户与角色关联表' ROW_FORMAT = Dynamic;

-- ----------------------------
-- Records of t_user_role_relation
-- ----------------------------
INSERT INTO `t_user_role_relation` VALUES ('137967286941910035', '137967286940710034', '');
INSERT INTO `t_user_role_relation` VALUES ('137967290650390037', '137957815713620189', '');
INSERT INTO `t_user_role_relation` VALUES ('137967290693230039', '137966408701670189', '');
INSERT INTO `t_user_role_relation` VALUES ('137967290970020054', '137957814046110184', '');
INSERT INTO `t_user_role_relation` VALUES ('137967291006900056', '137957814300260185', '');
INSERT INTO `t_user_role_relation` VALUES ('137967291074180058', '137957814526290186', '');
INSERT INTO `t_user_role_relation` VALUES ('137967291108320060', '137957814750900187', '');
INSERT INTO `t_user_role_relation` VALUES ('137967291142470062', '137957815173590188', '');
INSERT INTO `t_user_role_relation` VALUES ('138019811502890242', '137957801228000182', '137947333778190048');
INSERT INTO `t_user_role_relation` VALUES ('138019812605820250', '137947366632550162', '137947333945260049');
INSERT INTO `t_user_role_relation` VALUES ('138019812605820251', '137947366632550162', '137947333778190048');
INSERT INTO `t_user_role_relation` VALUES ('138019812756100253', '137947366809540163', '137947333945260049');
INSERT INTO `t_user_role_relation` VALUES ('138019812928730255', '137957801038610181', '');
INSERT INTO `t_user_role_relation` VALUES ('138019813085790001', '137957801530030183', '');

-- ----------------------------
-- View structure for act_id_group
-- ----------------------------
DROP VIEW IF EXISTS `act_id_group`;
CREATE ALGORITHM = UNDEFINED SQL SECURITY DEFINER VIEW `act_id_group` AS select `r`.`id` AS `ID_`,0 AS `REV_`,`r`.`name` AS `NAME_`,'role' AS `TYPE_`,0 AS `PID_` from `t_role_info` `r` where (`r`.`status` = 1);

-- ----------------------------
-- View structure for act_id_membership
-- ----------------------------
DROP VIEW IF EXISTS `act_id_membership`;
CREATE ALGORITHM = UNDEFINED SQL SECURITY DEFINER VIEW `act_id_membership` AS select `ur`.`user_id` AS `USER_ID_`,`ur`.`role_id` AS `GROUP_ID_` from `t_user_role_relation` `ur`;

-- ----------------------------
-- View structure for act_id_user
-- ----------------------------
DROP VIEW IF EXISTS `act_id_user`;
CREATE ALGORITHM = UNDEFINED SQL SECURITY DEFINER VIEW `act_id_user` AS select `u`.`id` AS `ID_`,0 AS `REV_`,`u`.`login_name` AS `FIRST_`,`u`.`name` AS `LAST_`,`u`.`email` AS `EMAIL_`,`u`.`password` AS `PWD_`,`u`.`header` AS `PICTURE_ID_` from `t_user_info` `u` where (`u`.`status` = 1);

SET FOREIGN_KEY_CHECKS = 1;
